"Timestamp","User_ID","Application_Type","Signal_Strength","Latency","Required_Bandwidth","Allocated_Bandwidth","Resource_Allocation","Hour","DayOfWeek","IsWeekend","Congestion_Risk","Bandwidth_Deficit","Bandwidth_Efficiency","Signal_Category","Latency_Category","Resource_Level","Signal_Latency_Interaction","Resource_Pressure","QoS_Score","Application_TypeBackground_Download","Application_TypeEmergency_Service","Application_TypeFile_Download","Application_TypeIoT_Temperature","Application_TypeOnline_Gaming","Application_TypeStreaming","Application_TypeVideo_Call","Application_TypeVideo_Streaming","Application_TypeVoice_Call","Application_TypeVoIP_Call","Application_TypeWeb_Browsing","Signal_Category_Num","Latency_Category_Num","Resource_Level_Num"
"2023-09-03 10:00:00","User_1","Video_Call",-75,30,10,15,70,10,"Sun",1,0,5,150,"Good","Medium","Medium",-2250,21,91.25,0,0,0,0,0,0,1,0,0,0,0,3,2,2
"2023-09-03 10:00:00","User_2","Voice_Call",-80,20,100,120,80,10,"Sun",1,0,20,120,"Fair","Low","High",-1600,16,90,0,0,0,0,0,0,0,0,1,0,0,2,1,3
"2023-09-03 10:00:00","User_3","Streaming",-85,40,5,6,75,10,"Sun",1,0,1,120,"Fair","Medium","Medium",-3400,30,85,0,0,0,0,0,1,0,0,0,0,0,2,2,2
"2023-09-03 10:00:00","User_4","Emergency_Service",-70,10,1,1.5,90,10,"Sun",1,1,0.5,150,"Good","Low","Critical",-700,9,100,0,1,0,0,0,0,0,0,0,0,0,3,1,4
"2023-09-03 10:00:00","User_5","Online_Gaming",-78,25,2,3,85,10,"Sun",1,1,1,150,"Good","Medium","High",-1950,21.25,97,0,0,0,0,1,0,0,0,0,0,0,3,2,3
"2023-09-03 10:00:00","User_6","Background_Download",-90,50,500,550,70,10,"Sun",1,1,50,110,"Poor","High","Medium",-4500,35,80,1,0,0,0,0,0,0,0,0,0,0,1,3,2
"2023-09-03 10:00:00","User_7","Web_Browsing",-88,30,1,1,60,10,"Sun",1,0,0,100,"Fair","Medium","Low",-2640,18,79.5,0,0,0,0,0,0,0,0,0,0,1,2,2,1
"2023-09-03 10:00:00","User_8","IoT_Temperature",-95,100,10,15,50,10,"Sun",1,1,5,150,"Poor","VeryHigh","Low",-9500,50,73.75,0,0,0,1,0,0,0,0,0,0,0,1,4,1
"2023-09-03 10:00:00","User_9","Video_Streaming",-82,35,3,3.5,80,10,"Sun",1,0,0.5,116.666666666667,"Fair","Medium","High",-2870,28,85.9166666666667,0,0,0,0,0,0,0,1,0,0,0,2,2,3
"2023-09-03 10:00:00","User_10","File_Download",-75,45,2,2,70,10,"Sun",1,0,0,100,"Good","High","Medium",-3375,31.5,75,0,0,1,0,0,0,0,0,0,0,0,3,3,2
"2023-09-03 10:00:00","User_11","Video_Call",-76,32,12,14,70,10,"Sun",1,0,2,116.666666666667,"Good","Medium","Medium",-2432,22.4,82.6666666666667,0,0,0,0,0,0,1,0,0,0,0,3,2,2
"2023-09-03 10:00:00","User_12","Online_Gaming",-79,24,2.5,2.8,75,10,"Sun",1,0,0.3,112,"Good","Medium","Medium",-1896,18,85.5,0,0,0,0,1,0,0,0,0,0,0,3,2,2
"2023-09-03 10:00:00","User_13","Web_Browsing",-87,28,1.2,1.2,65,10,"Sun",1,0,0,100,"Fair","Medium","Medium",-2436,18.2,81,0,0,0,0,0,0,0,0,0,0,1,2,2,2
"2023-09-03 10:00:00","User_14","VoIP_Call",-81,22,150,170,85,10,"Sun",1,1,20,113.333333333333,"Fair","Medium","High",-1782,18.7,89.3333333333333,0,0,0,0,0,0,0,0,0,1,0,2,2,3
"2023-09-03 10:00:00","User_15","Video_Call",-74,29,10,12,60,10,"Sun",1,0,2,120,"Good","Medium","Low",-2146,17.4,81.25,0,0,0,0,0,0,1,0,0,0,0,3,2,1
"2023-09-03 10:00:00","User_16","Streaming",-84,38,4.5,5,70,10,"Sun",1,0,0.5,111.111111111111,"Fair","Medium","Medium",-3192,26.6,81.7777777777778,0,0,0,0,0,1,0,0,0,0,0,2,2,2
"2023-09-03 10:00:00","User_17","Emergency_Service",-69,9,1.2,1.3,80,10,"Sun",1,0,0.1,108.333333333333,"Excellent","Low","High",-621,7.2,87.0833333333333,0,1,0,0,0,0,0,0,0,0,0,4,1,3
"2023-09-03 10:00:00","User_18","Background_Download",-91,48,600,600,55,10,"Sun",1,1,0,100,"Poor","High","Low",-4368,26.4,74.5,1,0,0,0,0,0,0,0,0,0,0,1,3,1
"2023-09-03 10:00:00","User_19","IoT_Temperature",-96,105,8,9,70,10,"Sun",1,1,1,112.5,"Poor","VeryHigh","Medium",-10080,73.5,68.375,0,0,0,1,0,0,0,0,0,0,0,1,4,2
"2023-09-03 10:00:00","User_20","Video_Streaming",-83,34,3.2,3.5,75,10,"Sun",1,0,0.3,109.375,"Fair","Medium","Medium",-2822,25.5,83.34375,0,0,0,0,0,0,0,1,0,0,0,2,2,2
"2023-09-03 10:00:00","User_21","Video_Call",-77,31,11,13,75,10,"Sun",1,0,2,118.181818181818,"Good","Medium","Medium",-2387,23.25,84.7954545454545,0,0,0,0,0,0,1,0,0,0,0,3,2,2
"2023-09-03 10:00:00","User_22","Online_Gaming",-80,23,2.2,2.5,80,10,"Sun",1,0,0.3,113.636363636364,"Fair","Medium","High",-1840,18.4,87.6590909090909,0,0,0,0,1,0,0,0,0,0,0,2,2,3
"2023-09-03 10:00:00","User_23","Web_Browsing",-86,29,1.4,1.4,70,10,"Sun",1,0,0,100,"Fair","Medium","Medium",-2494,20.3,81.75,0,0,0,0,0,0,0,0,0,0,1,2,2,2
"2023-09-03 10:00:00","User_24","VoIP_Call",-82,21,160,180,90,10,"Sun",1,1,20,112.5,"Fair","Medium","Critical",-1722,18.9,90.875,0,0,0,0,0,0,0,0,0,1,0,2,2,4
"2023-09-03 10:00:00","User_25","Video_Call",-73,28,10.5,12.5,75,10,"Sun",1,0,2,119.047619047619,"Good","Medium","Medium",-2044,21,84.7619047619048,0,0,0,0,0,0,1,0,0,0,0,3,2,2
"2023-09-03 10:00:00","User_26","Streaming",-83,37,4.2,4.8,85,10,"Sun",1,1,0.6,114.285714285714,"Fair","Medium","High",-3071,31.45,86.3214285714286,0,0,0,0,0,1,0,0,0,0,0,2,2,3
"2023-09-03 10:00:00","User_27","Emergency_Service",-68,8,1.1,1.2,70,10,"Sun",1,0,0.0999999999999999,109.090909090909,"Excellent","Low","Medium",-544,5.6,84.7727272727273,0,1,0,0,0,0,0,0,0,0,0,4,1,2
"2023-09-03 10:00:00","User_28","Background_Download",-92,47,620,620,60,10,"Sun",1,1,0,100,"Poor","High","Low",-4324,28.2,76.25,1,0,0,0,0,0,0,0,0,0,0,1,3,1
"2023-09-03 10:00:00","User_29","IoT_Temperature",-97,110,7,8,65,10,"Sun",1,1,1,114.285714285714,"Poor","VeryHigh","Medium",-10670,71.5,66.5714285714286,0,0,0,1,0,0,0,0,0,0,0,1,4,2
"2023-09-03 10:00:00","User_30","Video_Streaming",-84,33,3.4,3.7,70,10,"Sun",1,0,0.3,108.823529411765,"Fair","Medium","Medium",-2772,23.1,82.4558823529412,0,0,0,0,0,0,0,1,0,0,0,2,2,2
"2023-09-03 10:00:00","User_31","Video_Call",-78,30,10.2,12.2,75,10,"Sun",1,0,2,119.607843137255,"Good","Medium","Medium",-2340,22.5,85.6519607843137,0,0,0,0,0,0,1,0,0,0,0,3,2,2
"2023-09-03 10:00:00","User_32","Online_Gaming",-79,24,2.3,2.6,80,10,"Sun",1,0,0.3,113.04347826087,"Good","Medium","High",-1896,19.2,87.0108695652174,0,0,0,0,1,0,0,0,0,0,0,3,2,3
"2023-09-03 10:00:00","User_33","Web_Browsing",-88,27,1.3,1.3,70,10,"Sun",1,0,0,100,"Fair","Medium","Medium",-2376,18.9,82.75,0,0,0,0,0,0,0,0,0,0,1,2,2,2
"2023-09-03 10:00:00","User_34","VoIP_Call",-83,20,170,190,90,10,"Sun",1,1,20,111.764705882353,"Fair","Low","Critical",-1660,18,91.1911764705882,0,0,0,0,0,0,0,0,0,1,0,2,1,4
"2023-09-03 10:00:00","User_35","Video_Call",-72,27,10.8,12.8,75,10,"Sun",1,0,2,118.518518518519,"Good","Medium","Medium",-1944,20.25,84.6296296296296,0,0,0,0,0,0,1,0,0,0,0,3,2,2
"2023-09-03 10:00:00","User_36","Streaming",-82,36,4,4.6,85,10,"Sun",1,1,0.6,115,"Fair","Medium","High",-2952,30.6,86.5,0,0,0,0,0,1,0,0,0,0,0,2,2,3
"2023-09-03 10:00:00","User_37","Emergency_Service",-67,7,1,1.1,70,10,"Sun",1,0,0.1,110,"Excellent","Low","Medium",-469,4.9,85,0,1,0,0,0,0,0,0,0,0,0,4,1,2
"2023-09-03 10:00:00","User_38","Background_Download",-93,46,630,630,60,10,"Sun",1,1,0,100,"Poor","High","Low",-4278,27.6,76.75,1,0,0,0,0,0,0,0,0,0,0,1,3,1
"2023-09-03 10:00:00","User_39","IoT_Temperature",-98,105,6,7,65,10,"Sun",1,1,1,116.666666666667,"Poor","VeryHigh","Medium",-10290,68.25,68.6666666666667,0,0,0,1,0,0,0,0,0,0,0,1,4,2
"2023-09-03 10:00:00","User_40","Video_Streaming",-85,32,3.5,3.8,70,10,"Sun",1,0,0.3,108.571428571429,"Fair","Medium","Medium",-2720,22.4,82.8928571428571,0,0,0,0,0,0,0,1,0,0,0,2,2,2
"2023-09-03 10:00:00","User_41","Video_Call",-79,29,10.5,12.3,70,10,"Sun",1,0,1.8,117.142857142857,"Good","Medium","Medium",-2291,20.3,84.2857142857143,0,0,0,0,0,0,1,0,0,0,0,3,2,2
"2023-09-03 10:00:00","User_42","Online_Gaming",-78,25,2.4,2.7,75,10,"Sun",1,0,0.3,112.5,"Good","Medium","Medium",-1950,18.75,85.125,0,0,0,0,1,0,0,0,0,0,0,3,2,2
"2023-09-03 10:00:00","User_43","Web_Browsing",-87,28,1.2,1.2,70,10,"Sun",1,0,0,100,"Fair","Medium","Medium",-2436,19.6,82.25,0,0,0,0,0,0,0,0,0,0,1,2,2,2
"2023-09-03 10:00:00","User_44","VoIP_Call",-84,20,165,185,90,10,"Sun",1,1,20,112.121212121212,"Fair","Low","Critical",-1680,18,91.530303030303,0,0,0,0,0,0,0,0,0,1,0,2,1,4
"2023-09-03 10:00:00","User_45","Video_Call",-71,26,10.2,12.6,80,10,"Sun",1,0,2.4,123.529411764706,"Good","Medium","High",-1846,20.8,87.1323529411765,0,0,0,0,0,0,1,0,0,0,0,3,2,3
"2023-09-03 10:00:00","User_46","Streaming",-81,35,3.8,4.4,85,10,"Sun",1,1,0.600000000000001,115.789473684211,"Fair","Medium","High",-2835,29.75,86.6973684210526,0,0,0,0,0,1,0,0,0,0,0,2,2,3
"2023-09-03 10:00:00","User_47","Emergency_Service",-66,7,1.1,1.2,70,10,"Sun",1,0,0.0999999999999999,109.090909090909,"Excellent","Low","Medium",-462,4.9,84.5227272727273,0,1,0,0,0,0,0,0,0,0,0,4,1,2
"2023-09-03 10:00:00","User_48","Background_Download",-94,45,640,640,60,10,"Sun",1,0,0,100,"Poor","High","Low",-4230,27,77.25,1,0,0,0,0,0,0,0,0,0,0,1,3,1
"2023-09-03 10:00:00","User_49","IoT_Temperature",-99,104,5,6,65,10,"Sun",1,1,1,120,"Poor","VeryHigh","Medium",-10296,67.6,70,0,0,0,1,0,0,0,0,0,0,0,1,4,2
"2023-09-03 10:00:00","User_50","Video_Streaming",-86,31,3.6,3.9,70,10,"Sun",1,0,0.3,108.333333333333,"Fair","Medium","Medium",-2666,21.7,83.3333333333333,0,0,0,0,0,0,0,1,0,0,0,2,2,2
"2023-09-03 10:01:00","User_51","Video_Call",-80,30,11,12.5,80,10,"Sun",1,0,1.5,113.636363636364,"Fair","Medium","High",-2400,24,85.9090909090909,0,0,0,0,0,0,1,0,0,0,0,2,2,3
"2023-09-03 10:01:00","User_52","Online_Gaming",-77,24,2.6,2.9,85,10,"Sun",1,1,0.3,111.538461538462,"Good","Medium","High",-1848,20.4,87.3846153846154,0,0,0,0,1,0,0,0,0,0,0,3,2,3
"2023-09-03 10:01:00","User_53","Web_Browsing",-89,27,1.1,1.1,70,10,"Sun",1,0,0,100,"Fair","Medium","Medium",-2403,18.9,83,0,0,0,0,0,0,0,0,0,0,1,2,2,2
"2023-09-03 10:01:00","User_54","VoIP_Call",-85,21,160,190,90,10,"Sun",1,1,30,118.75,"Fair","Medium","Critical",-1785,18.9,93.1875,0,0,0,0,0,0,0,0,0,1,0,2,2,4
"2023-09-03 10:01:00","User_55","Video_Call",-70,27,10.7,12.3,75,10,"Sun",1,0,1.6,114.953271028037,"Good","Medium","Medium",-1890,20.25,83.2383177570094,0,0,0,0,0,0,1,0,0,0,0,3,2,2
"2023-09-03 10:01:00","User_56","Streaming",-80,35,4.1,4.7,85,10,"Sun",1,1,0.600000000000001,114.634146341463,"Fair","Medium","High",-2800,29.75,86.1585365853659,0,0,0,0,0,1,0,0,0,0,0,2,2,3
"2023-09-03 10:01:00","User_57","Emergency_Service",-65,8,1,1.1,70,10,"Sun",1,0,0.1,110,"Excellent","Low","Medium",-520,5.6,84.25,0,1,0,0,0,0,0,0,0,0,0,4,1,2
"2023-09-03 10:01:00","User_58","Background_Download",-95,46,650,650,60,10,"Sun",1,1,0,100,"Poor","High","Low",-4370,27.6,77.25,1,0,0,0,0,0,0,0,0,0,0,1,3,1
"2023-09-03 10:01:00","User_59","IoT_Temperature",-100,103,4,5,75,10,"Sun",1,1,1,125,"Poor","VeryHigh","Medium",-10300,77.25,74.25,0,0,0,1,0,0,0,0,0,0,0,1,4,2
"2023-09-03 10:01:00","User_60","Video_Streaming",-87,32,3.7,4,70,10,"Sun",1,0,0.3,108.108108108108,"Fair","Medium","Medium",-2784,22.4,83.277027027027,0,0,0,0,0,0,0,1,0,0,0,2,2,2
"2023-09-03 10:01:00","User_61","Video_Call",-81,29,10.3,12.1,70,10,"Sun",1,0,1.8,117.47572815534,"Fair","Medium","Medium",-2349,20.3,84.8689320388349,0,0,0,0,0,0,1,0,0,0,0,2,2,2
"2023-09-03 10:01:00","User_62","Online_Gaming",-76,23,2.7,3,80,10,"Sun",1,0,0.3,111.111111111111,"Good","Medium","High",-1748,18.4,86.0277777777778,0,0,0,0,1,0,0,0,0,0,0,3,2,3
"2023-09-03 10:01:00","User_63","Web_Browsing",-90,26,1,1,70,10,"Sun",1,0,0,100,"Poor","Medium","Medium",-2340,18.2,83.5,0,0,0,0,0,0,0,0,0,0,1,1,2,2
"2023-09-03 10:01:00","User_64","VoIP_Call",-86,20,155,180,90,10,"Sun",1,1,25,116.129032258065,"Fair","Low","Critical",-1720,18,93.0322580645161,0,0,0,0,0,0,0,0,0,1,0,2,1,4
"2023-09-03 10:01:00","User_65","Video_Call",-69,26,10.9,12.4,75,10,"Sun",1,0,1.5,113.761467889908,"Excellent","Medium","Medium",-1794,19.5,82.9403669724771,0,0,0,0,0,0,1,0,0,0,0,4,2,2
"2023-09-03 10:01:00","User_66","Streaming",-79,34,4.3,4.9,85,10,"Sun",1,1,0.600000000000001,113.953488372093,"Good","Medium","High",-2686,28.9,85.9883720930233,0,0,0,0,0,1,0,0,0,0,0,3,2,3
"2023-09-03 10:01:00","User_67","Emergency_Service",-64,7,1,1.1,70,10,"Sun",1,0,0.1,110,"Excellent","Low","Medium",-448,4.9,84.25,0,1,0,0,0,0,0,0,0,0,0,4,1,2
"2023-09-03 10:01:00","User_68","Background_Download",-96,45,660,660,60,10,"Sun",1,0,0,100,"Poor","High","Low",-4320,27,77.75,1,0,0,0,0,0,0,0,0,0,0,1,3,1
"2023-09-03 10:01:00","User_69","IoT_Temperature",-100,102,3,4,75,10,"Sun",1,1,1,133.333333333333,"Poor","VeryHigh","Medium",-10200,76.5,76.5833333333333,0,0,0,1,0,0,0,0,0,0,0,1,4,2
"2023-09-03 10:01:00","User_70","Video_Streaming",-88,31,3.8,4.1,70,10,"Sun",1,0,0.3,107.894736842105,"Fair","Medium","Medium",-2728,21.7,83.7236842105263,0,0,0,0,0,0,0,1,0,0,0,2,2,2
"2023-09-03 10:01:00","User_71","Video_Call",-82,28,10.7,12.2,70,10,"Sun",1,0,1.5,114.018691588785,"Fair","Medium","Medium",-2296,19.6,84.5046728971963,0,0,0,0,0,0,1,0,0,0,0,2,2,2
"2023-09-03 10:01:00","User_72","Online_Gaming",-75,22,2.8,3.1,80,10,"Sun",1,0,0.3,110.714285714286,"Good","Medium","High",-1650,17.6,85.9285714285714,0,0,0,0,1,0,0,0,0,0,0,3,2,3
"2023-09-03 10:01:00","User_73","Web_Browsing",-91,25,0.9,0.9,70,10,"Sun",1,0,0,100,"Poor","Medium","Medium",-2275,17.5,84,0,0,0,0,0,0,0,0,0,0,1,1,2,2
"2023-09-03 10:01:00","User_74","VoIP_Call",-87,19,150,175,90,10,"Sun",1,1,25,116.666666666667,"Fair","Low","Critical",-1653,17.1,93.6666666666667,0,0,0,0,0,0,0,0,0,1,0,2,1,4
"2023-09-03 10:01:00","User_75","Video_Call",-68,25,11,12.5,75,10,"Sun",1,0,1.5,113.636363636364,"Excellent","Medium","Medium",-1700,18.75,82.9090909090909,0,0,0,0,0,0,1,0,0,0,0,4,2,2
"2023-09-03 10:01:00","User_76","Streaming",-78,33,4.4,5,85,10,"Sun",1,1,0.6,113.636363636364,"Good","Medium","High",-2574,28.05,85.9090909090909,0,0,0,0,0,1,0,0,0,0,0,3,2,3
"2023-09-03 10:01:00","User_77","Emergency_Service",-63,6,0.9,1,70,10,"Sun",1,0,0.1,111.111111111111,"Excellent","Low","Medium",-378,4.2,84.5277777777778,0,1,0,0,0,0,0,0,0,0,0,4,1,2
"2023-09-03 10:01:00","User_78","Background_Download",-97,44,670,670,60,10,"Sun",1,0,0,100,"Poor","High","Low",-4268,26.4,78.25,1,0,0,0,0,0,0,0,0,0,0,1,3,1
"2023-09-03 10:01:00","User_79","IoT_Temperature",-100,101,2,3,75,10,"Sun",1,1,1,150,"Poor","VeryHigh","Medium",-10100,75.75,81,0,0,0,1,0,0,0,0,0,0,0,1,4,2
"2023-09-03 10:01:00","User_80","Video_Streaming",-89,30,3.9,4.2,70,10,"Sun",1,0,0.3,107.692307692308,"Fair","Medium","Medium",-2670,21,84.1730769230769,0,0,0,0,0,0,0,1,0,0,0,2,2,2
"2023-09-03 10:01:00","User_81","Video_Call",-83,27,10.8,12,70,10,"Sun",1,0,1.2,111.111111111111,"Fair","Medium","Medium",-2241,18.9,84.2777777777778,0,0,0,0,0,0,1,0,0,0,0,2,2,2
"2023-09-03 10:01:00","User_82","Online_Gaming",-74,21,2.9,3.2,80,10,"Sun",1,0,0.3,110.344827586207,"Good","Medium","High",-1554,16.8,85.8362068965517,0,0,0,0,1,0,0,0,0,0,0,3,2,3
"2023-09-03 10:01:00","User_83","Web_Browsing",-92,24,0.8,0.8,70,10,"Sun",1,0,0,100,"Poor","Medium","Medium",-2208,16.8,84.5,0,0,0,0,0,0,0,0,0,0,1,1,2,2
"2023-09-03 10:01:00","User_84","VoIP_Call",-88,18,145,170,90,10,"Sun",1,1,25,117.241379310345,"Fair","Low","Critical",-1584,16.2,94.3103448275862,0,0,0,0,0,0,0,0,0,1,0,2,1,4
"2023-09-03 10:01:00","User_85","Video_Call",-67,24,11.2,12.8,75,10,"Sun",1,0,1.6,114.285714285714,"Excellent","Medium","Medium",-1608,18,83.0714285714286,0,0,0,0,0,0,1,0,0,0,0,4,2,2
"2023-09-03 10:01:00","User_86","Streaming",-77,32,4.5,5.1,85,10,"Sun",1,1,0.6,113.333333333333,"Good","Medium","High",-2464,27.2,85.8333333333333,0,0,0,0,0,1,0,0,0,0,0,3,2,3
"2023-09-03 10:01:00","User_87","Emergency_Service",-62,6,0.8,0.9,70,10,"Sun",1,0,0.1,112.5,"Excellent","Low","Medium",-372,4.2,84.625,0,1,0,0,0,0,0,0,0,0,0,4,1,2
"2023-09-03 10:01:00","User_88","Background_Download",-98,43,680,680,60,10,"Sun",1,0,0,100,"Poor","High","Low",-4214,25.8,78.75,1,0,0,0,0,0,0,0,0,0,0,1,3,1
"2023-09-03 10:01:00","User_89","IoT_Temperature",-100,100,1,2,75,10,"Sun",1,1,1,200,"Poor","VeryHigh","Medium",-10000,75,93.75,0,0,0,1,0,0,0,0,0,0,0,1,4,2
"2023-09-03 10:01:00","User_90","Video_Streaming",-90,29,4,4.3,70,10,"Sun",1,0,0.3,107.5,"Poor","Medium","Medium",-2610,20.3,84.625,0,0,0,0,0,0,0,1,0,0,0,1,2,2
"2023-09-03 10:01:00","User_91","Video_Call",-84,26,10.9,12.1,70,10,"Sun",1,0,1.2,111.009174311927,"Fair","Medium","Medium",-2184,18.2,84.7522935779816,0,0,0,0,0,0,1,0,0,0,0,2,2,2
"2023-09-03 10:01:00","User_92","Online_Gaming",-73,20,3,3.3,80,10,"Sun",1,0,0.3,110,"Good","Low","High",-1460,16,85.75,0,0,0,0,1,0,0,0,0,0,0,3,1,3
"2023-09-03 10:01:00","User_93","Web_Browsing",-93,23,0.7,0.7,70,10,"Sun",1,0,0,100,"Poor","Medium","Medium",-2139,16.1,85,0,0,0,0,0,0,0,0,0,0,1,1,2,2
"2023-09-03 10:01:00","User_94","VoIP_Call",-89,17,140,165,90,10,"Sun",1,1,25,117.857142857143,"Fair","Low","Critical",-1513,15.3,94.9642857142857,0,0,0,0,0,0,0,0,0,1,0,2,1,4
"2023-09-03 10:01:00","User_95","Video_Call",-66,23,11.4,12.7,75,10,"Sun",1,0,1.3,111.40350877193,"Excellent","Medium","Medium",-1518,17.25,82.3508771929825,0,0,0,0,0,0,1,0,0,0,0,4,2,2
"2023-09-03 10:01:00","User_96","Streaming",-76,31,4.6,5.2,85,10,"Sun",1,1,0.600000000000001,113.04347826087,"Good","Medium","High",-2356,26.35,85.7608695652174,0,0,0,0,0,1,0,0,0,0,0,3,2,3
"2023-09-03 10:01:00","User_97","Emergency_Service",-61,6,0.7,0.8,70,10,"Sun",1,0,0.1,114.285714285714,"Excellent","Low","Medium",-366,4.2,84.8214285714286,0,1,0,0,0,0,0,0,0,0,0,4,1,2
"2023-09-03 10:01:00","User_98","Background_Download",-99,42,690,690,60,10,"Sun",1,0,0,100,"Poor","High","Low",-4158,25.2,79.25,1,0,0,0,0,0,0,0,0,0,0,1,3,1
"2023-09-03 10:01:00","User_99","IoT_Temperature",-100,99,1,2,75,10,"Sun",1,1,1,200,"Poor","VeryHigh","Medium",-9900,74.25,94,0,0,0,1,0,0,0,0,0,0,0,1,4,2
"2023-09-03 10:01:00","User_100","Video_Streaming",-91,28,4.1,4.4,70,10,"Sun",1,0,0.300000000000001,107.317073170732,"Poor","Medium","Medium",-2548,19.6,85.0792682926829,0,0,0,0,0,0,0,1,0,0,0,1,2,2
"2023-09-03 10:01:00","User_101","VoIP_Call",-86,18,155,180,90,10,"Sun",1,1,25,116.129032258065,"Fair","Low","Critical",-1548,16.2,93.5322580645161,0,0,0,0,0,0,0,0,0,1,0,2,1,4
"2023-09-03 10:01:00","User_102","Online_Gaming",-74,22,2.9,3.2,80,10,"Sun",1,0,0.3,110.344827586207,"Good","Medium","High",-1628,17.6,85.5862068965517,0,0,0,0,1,0,0,0,0,0,0,3,2,3
"2023-09-03 10:01:00","User_103","Web_Browsing",-92,25,0.8,0.8,70,10,"Sun",1,0,0,100,"Poor","Medium","Medium",-2300,17.5,84.25,0,0,0,0,0,0,0,0,0,0,1,1,2,2
"2023-09-03 10:01:00","User_104","Video_Call",-67,24,11.2,12.5,75,10,"Sun",1,0,1.3,111.607142857143,"Excellent","Medium","Medium",-1608,18,82.4017857142857,0,0,0,0,0,0,1,0,0,0,0,4,2,2
"2023-09-03 10:01:00","User_105","Streaming",-77,32,4.5,5.1,85,10,"Sun",1,1,0.6,113.333333333333,"Good","Medium","High",-2464,27.2,85.8333333333333,0,0,0,0,0,1,0,0,0,0,0,3,2,3
"2023-09-03 10:01:00","User_106","Emergency_Service",-62,6,0.8,0.9,70,10,"Sun",1,0,0.1,112.5,"Excellent","Low","Medium",-372,4.2,84.625,0,1,0,0,0,0,0,0,0,0,0,4,1,2
"2023-09-03 10:01:00","User_107","Background_Download",-97,44,670,670,60,10,"Sun",1,0,0,100,"Poor","High","Low",-4268,26.4,78.25,1,0,0,0,0,0,0,0,0,0,0,1,3,1
"2023-09-03 10:01:00","User_108","IoT_Temperature",-100,100,1,2,75,10,"Sun",1,1,1,200,"Poor","VeryHigh","Medium",-10000,75,93.75,0,0,0,1,0,0,0,0,0,0,0,1,4,2
"2023-09-03 10:01:00","User_109","Video_Streaming",-90,29,4,4.3,70,10,"Sun",1,0,0.3,107.5,"Poor","Medium","Medium",-2610,20.3,84.625,0,0,0,0,0,0,0,1,0,0,0,1,2,2
"2023-09-03 10:01:00","User_110","VoIP_Call",-85,19,150,175,90,10,"Sun",1,1,25,116.666666666667,"Fair","Low","Critical",-1615,17.1,93.1666666666667,0,0,0,0,0,0,0,0,0,1,0,2,1,4
"2023-09-03 10:02:00","User_111","Video_Call",-83,27,10.8,12,70,10,"Sun",1,0,1.2,111.111111111111,"Fair","Medium","Medium",-2241,18.9,84.2777777777778,0,0,0,0,0,0,1,0,0,0,0,2,2,2
"2023-09-03 10:02:00","User_112","Online_Gaming",-72,21,3.1,3.4,80,10,"Sun",1,0,0.3,109.677419354839,"Good","Medium","High",-1512,16.8,85.1693548387097,0,0,0,0,1,0,0,0,0,0,0,3,2,3
"2023-09-03 10:02:00","User_113","Web_Browsing",-94,24,0.7,0.7,70,10,"Sun",1,0,0,100,"Poor","Medium","Medium",-2256,16.8,85,0,0,0,0,0,0,0,0,0,0,1,1,2,2
"2023-09-03 10:02:00","User_114","VoIP_Call",-88,18,145,170,90,10,"Sun",1,1,25,117.241379310345,"Fair","Low","Critical",-1584,16.2,94.3103448275862,0,0,0,0,0,0,0,0,0,1,0,2,1,4
"2023-09-03 10:02:00","User_115","Video_Call",-68,25,11.4,12.7,75,10,"Sun",1,0,1.3,111.40350877193,"Excellent","Medium","Medium",-1700,18.75,82.3508771929825,0,0,0,0,0,0,1,0,0,0,0,4,2,2
"2023-09-03 10:02:00","User_116","Streaming",-76,31,4.6,5.2,85,10,"Sun",1,1,0.600000000000001,113.04347826087,"Good","Medium","High",-2356,26.35,85.7608695652174,0,0,0,0,0,1,0,0,0,0,0,3,2,3
"2023-09-03 10:02:00","User_117","Emergency_Service",-61,6,0.7,0.8,70,10,"Sun",1,0,0.1,114.285714285714,"Excellent","Low","Medium",-366,4.2,84.8214285714286,0,1,0,0,0,0,0,0,0,0,0,4,1,2
"2023-09-03 10:02:00","User_118","Background_Download",-98,43,680,680,60,10,"Sun",1,0,0,100,"Poor","High","Low",-4214,25.8,78.75,1,0,0,0,0,0,0,0,0,0,0,1,3,1
"2023-09-03 10:02:00","User_119","IoT_Temperature",-100,99,1,2,75,10,"Sun",1,1,1,200,"Poor","VeryHigh","Medium",-9900,74.25,94,0,0,0,1,0,0,0,0,0,0,0,1,4,2
"2023-09-03 10:02:00","User_120","Video_Streaming",-89,30,4.1,4.4,70,10,"Sun",1,0,0.300000000000001,107.317073170732,"Fair","Medium","Medium",-2670,21,84.0792682926829,0,0,0,0,0,0,0,1,0,0,0,2,2,2
"2023-09-03 10:02:00","User_121","VoIP_Call",-86,19,155,180,90,10,"Sun",1,1,25,116.129032258065,"Fair","Low","Critical",-1634,17.1,93.2822580645161,0,0,0,0,0,0,0,0,0,1,0,2,1,4
"2023-09-03 10:02:00","User_122","Online_Gaming",-74,22,2.9,3.2,80,10,"Sun",1,0,0.3,110.344827586207,"Good","Medium","High",-1628,17.6,85.5862068965517,0,0,0,0,1,0,0,0,0,0,0,3,2,3
"2023-09-03 10:02:00","User_123","Web_Browsing",-92,25,0.8,0.8,70,10,"Sun",1,0,0,100,"Poor","Medium","Medium",-2300,17.5,84.25,0,0,0,0,0,0,0,0,0,0,1,1,2,2
"2023-09-03 10:02:00","User_124","Video_Call",-67,24,11.2,12.5,75,10,"Sun",1,0,1.3,111.607142857143,"Excellent","Medium","Medium",-1608,18,82.4017857142857,0,0,0,0,0,0,1,0,0,0,0,4,2,2
"2023-09-03 10:02:00","User_125","Streaming",-77,32,4.5,5.1,85,10,"Sun",1,1,0.6,113.333333333333,"Good","Medium","High",-2464,27.2,85.8333333333333,0,0,0,0,0,1,0,0,0,0,0,3,2,3
"2023-09-03 10:02:00","User_126","Emergency_Service",-62,6,0.8,0.9,70,10,"Sun",1,0,0.1,112.5,"Excellent","Low","Medium",-372,4.2,84.625,0,1,0,0,0,0,0,0,0,0,0,4,1,2
"2023-09-03 10:02:00","User_127","Background_Download",-97,44,670,670,60,10,"Sun",1,0,0,100,"Poor","High","Low",-4268,26.4,78.25,1,0,0,0,0,0,0,0,0,0,0,1,3,1
"2023-09-03 10:02:00","User_128","IoT_Temperature",-100,100,1,2,75,10,"Sun",1,1,1,200,"Poor","VeryHigh","Medium",-10000,75,93.75,0,0,0,1,0,0,0,0,0,0,0,1,4,2
"2023-09-03 10:02:00","User_129","Video_Streaming",-90,29,4,4.3,70,10,"Sun",1,0,0.3,107.5,"Poor","Medium","Medium",-2610,20.3,84.625,0,0,0,0,0,0,0,1,0,0,0,1,2,2
"2023-09-03 10:02:00","User_130","Video_Call",-85,19,150,175,90,10,"Sun",1,1,25,116.666666666667,"Fair","Low","Critical",-1615,17.1,93.1666666666667,0,0,0,0,0,0,1,0,0,0,0,2,1,4
"2023-09-03 10:02:00","User_131","Web_Browsing",-85,28,1.5,1.5,70,10,"Sun",1,0,0,100,"Fair","Medium","Medium",-2380,19.6,81.75,0,0,0,0,0,0,0,0,0,0,1,2,2,2
"2023-09-03 10:02:00","User_132","Background_Download",-99,46,620,620,60,10,"Sun",1,1,0,100,"Poor","High","Low",-4554,27.6,78.25,1,0,0,0,0,0,0,0,0,0,0,1,3,1
"2023-09-03 10:02:00","User_133","VoIP_Call",-88,20,130,155,90,10,"Sun",1,1,25,119.230769230769,"Fair","Low","Critical",-1760,18,94.3076923076923,0,0,0,0,0,0,0,0,0,1,0,2,1,4
"2023-09-03 10:02:00","User_134","Streaming",-75,30,5,5.7,85,10,"Sun",1,1,0.7,114,"Good","Medium","High",-2250,25.5,86,0,0,0,0,0,1,0,0,0,0,0,3,2,3
"2023-09-03 10:02:00","User_135","Video_Call",-66,26,11,12.3,75,10,"Sun",1,0,1.3,111.818181818182,"Excellent","Medium","Medium",-1716,19.5,81.7045454545455,0,0,0,0,0,0,1,0,0,0,0,4,2,2
"2023-09-03 10:02:00","User_136","Video_Streaming",-80,29,4.2,4.6,70,10,"Sun",1,0,0.399999999999999,109.52380952381,"Fair","Medium","Medium",-2320,20.3,82.6309523809524,0,0,0,0,0,0,0,1,0,0,0,2,2,2
"2023-09-03 10:02:00","User_137","Emergency_Service",-60,5,0.9,1,70,10,"Sun",1,0,0.1,111.111111111111,"Excellent","Low","Medium",-300,3.5,84.0277777777778,0,1,0,0,0,0,0,0,0,0,0,4,1,2
"2023-09-03 10:02:00","User_138","Web_Browsing",-94,27,0.6,0.6,70,10,"Sun",1,0,0,100,"Poor","Medium","Medium",-2538,18.9,84.25,0,0,0,0,0,0,0,0,0,0,1,1,2,2
"2023-09-03 10:02:00","User_139","Background_Download",-96,45,660,660,60,10,"Sun",1,0,0,100,"Poor","High","Low",-4320,27,77.75,1,0,0,0,0,0,0,0,0,0,0,1,3,1
"2023-09-03 10:02:00","User_140","Online_Gaming",-72,20,3.2,3.5,80,10,"Sun",1,0,0.3,109.375,"Good","Low","High",-1440,16,85.34375,0,0,0,0,1,0,0,0,0,0,0,3,1,3
"2023-09-03 10:02:00","User_141","Streaming",-78,32,4.4,5,85,10,"Sun",1,1,0.6,113.636363636364,"Good","Medium","High",-2496,27.2,86.1590909090909,0,0,0,0,0,1,0,0,0,0,0,3,2,3
"2023-09-03 10:02:00","User_142","Video_Call",-67,27,11.1,12.4,75,10,"Sun",1,0,1.3,111.711711711712,"Excellent","Medium","Medium",-1809,20.25,81.6779279279279,0,0,0,0,0,0,1,0,0,0,0,4,2,2
"2023-09-03 10:02:00","User_143","Video_Streaming",-81,28,4.1,4.5,70,10,"Sun",1,0,0.4,109.756097560976,"Fair","Medium","Medium",-2268,19.6,83.1890243902439,0,0,0,0,0,0,0,1,0,0,0,2,2,2
"2023-09-03 10:02:00","User_144","Emergency_Service",-59,5,0.9,1.1,70,10,"Sun",1,0,0.2,122.222222222222,"Excellent","Low","Medium",-295,3.5,86.5555555555556,0,1,0,0,0,0,0,0,0,0,0,4,1,2
"2023-09-03 10:02:00","User_145","Web_Browsing",-95,26,0.7,0.7,70,10,"Sun",1,0,0,100,"Poor","Medium","Medium",-2470,18.2,84.75,0,0,0,0,0,0,0,0,0,0,1,1,2,2
"2023-09-03 10:02:00","User_146","Background_Download",-95,47,610,610,60,10,"Sun",1,1,0,100,"Poor","High","Low",-4465,28.2,77,1,0,0,0,0,0,0,0,0,0,0,1,3,1
"2023-09-03 10:02:00","User_147","VoIP_Call",-87,21,125,150,90,10,"Sun",1,1,25,120,"Fair","Medium","Critical",-1827,18.9,94,0,0,0,0,0,0,0,0,0,1,0,2,2,4
"2023-09-03 10:02:00","User_148","Online_Gaming",-71,19,3.3,3.6,80,10,"Sun",1,0,0.3,109.090909090909,"Good","Low","High",-1349,15.2,85.2727272727273,0,0,0,0,1,0,0,0,0,0,0,3,1,3
"2023-09-03 10:02:00","User_149","Streaming",-79,33,4.3,4.8,85,10,"Sun",1,1,0.5,111.627906976744,"Good","Medium","High",-2607,28.05,85.656976744186,0,0,0,0,0,1,0,0,0,0,0,3,2,3
"2023-09-03 10:02:00","User_150","Video_Call",-68,28,11.3,12.6,75,10,"Sun",1,0,1.3,111.504424778761,"Excellent","Medium","Medium",-1904,21,81.6261061946903,0,0,0,0,0,0,1,0,0,0,0,4,2,2
"2023-09-03 10:02:00","User_151","Video_Streaming",-82,30,4,4.4,70,10,"Sun",1,0,0.4,110,"Fair","Medium","Medium",-2460,21,83,0,0,0,0,0,0,0,1,0,0,0,2,2,2
"2023-09-03 10:02:00","User_152","Emergency_Service",-58,5,0.8,1,70,10,"Sun",1,0,0.2,125,"Excellent","Low","Medium",-290,3.5,87,0,1,0,0,0,0,0,0,0,0,0,4,1,2
"2023-09-03 10:02:00","User_153","Web_Browsing",-96,25,0.6,0.6,70,10,"Sun",1,0,0,100,"Poor","Medium","Medium",-2400,17.5,85.25,0,0,0,0,0,0,0,0,0,0,1,1,2,2
"2023-09-03 10:02:00","User_154","Background_Download",-94,48,650,650,60,10,"Sun",1,1,0,100,"Poor","High","Low",-4512,28.8,76.5,1,0,0,0,0,0,0,0,0,0,0,1,3,1
"2023-09-03 10:02:00","User_155","VoIP_Call",-86,22,120,145,90,10,"Sun",1,1,25,120.833333333333,"Fair","Medium","Critical",-1892,19.8,93.7083333333333,0,0,0,0,0,0,0,0,0,1,0,2,2,4
"2023-09-03 10:02:00","User_156","Streaming",-80,31,4.4,4.9,85,10,"Sun",1,1,0.5,111.363636363636,"Fair","Medium","High",-2480,26.35,86.3409090909091,0,0,0,0,0,1,0,0,0,0,0,2,2,3
"2023-09-03 10:02:00","User_157","Video_Call",-66,25,11.5,12.8,75,10,"Sun",1,0,1.3,111.304347826087,"Excellent","Medium","Medium",-1650,18.75,81.8260869565217,0,0,0,0,0,0,1,0,0,0,0,4,2,2
"2023-09-03 10:02:00","User_158","Video_Streaming",-83,31,4,4.4,70,10,"Sun",1,0,0.4,110,"Fair","Medium","Medium",-2573,21.7,83,0,0,0,0,0,0,0,1,0,0,0,2,2,2
"2023-09-03 10:02:00","User_159","Emergency_Service",-58,5,0.8,1,70,10,"Sun",1,0,0.2,125,"Excellent","Low","Medium",-290,3.5,87,0,1,0,0,0,0,0,0,0,0,0,4,1,2
"2023-09-03 10:02:00","User_160","Web_Browsing",-97,24,0.5,0.5,70,10,"Sun",1,0,0,100,"Poor","Medium","Medium",-2328,16.8,85.75,0,0,0,0,0,0,0,0,0,0,1,1,2,2
"2023-09-03 10:02:00","User_161","Background_Download",-97,49,640,640,60,10,"Sun",1,1,0,100,"Poor","High","Low",-4753,29.4,77,1,0,0,0,0,0,0,0,0,0,0,1,3,1
"2023-09-03 10:02:00","User_162","VoIP_Call",-85,23,115,140,90,10,"Sun",1,1,25,121.739130434783,"Fair","Medium","Critical",-1955,20.7,93.4347826086957,0,0,0,0,0,0,0,0,0,1,0,2,2,4
"2023-09-03 10:02:00","User_163","Online_Gaming",-70,18,3.4,3.7,80,10,"Sun",1,0,0.3,108.823529411765,"Good","Low","High",-1260,14.4,85.2058823529412,0,0,0,0,1,0,0,0,0,0,0,3,1,3
"2023-09-03 10:02:00","User_164","Streaming",-81,32,4.2,4.7,85,10,"Sun",1,1,0.5,111.904761904762,"Fair","Medium","High",-2592,27.2,86.4761904761905,0,0,0,0,0,1,0,0,0,0,0,2,2,3
"2023-09-03 10:02:00","User_165","Video_Call",-65,24,11.6,12.9,75,10,"Sun",1,0,1.3,111.206896551724,"Excellent","Medium","Medium",-1560,18,81.801724137931,0,0,0,0,0,0,1,0,0,0,0,4,2,2
"2023-09-03 10:02:00","User_166","Video_Streaming",-84,30,3.9,4.3,70,10,"Sun",1,0,0.4,110.25641025641,"Fair","Medium","Medium",-2520,21,83.5641025641026,0,0,0,0,0,0,0,1,0,0,0,2,2,2
"2023-09-03 10:02:00","User_167","Emergency_Service",-57,5,0.7,0.9,70,10,"Sun",1,0,0.2,128.571428571429,"Excellent","Low","Medium",-285,3.5,87.6428571428571,0,1,0,0,0,0,0,0,0,0,0,4,1,2
"2023-09-03 10:02:00","User_168","Web_Browsing",-97,23,0.5,0.5,70,10,"Sun",1,0,0,100,"Poor","Medium","Medium",-2231,16.1,86,0,0,0,0,0,0,0,0,0,0,1,1,2,2
"2023-09-03 10:02:00","User_169","Background_Download",-98,50,630,630,60,10,"Sun",1,1,0,100,"Poor","High","Low",-4900,30,77,1,0,0,0,0,0,0,0,0,0,0,1,3,1
"2023-09-03 10:02:00","User_170","VoIP_Call",-84,24,110,135,90,10,"Sun",1,1,25,122.727272727273,"Fair","Medium","Critical",-2016,21.6,93.1818181818182,0,0,0,0,0,0,0,0,0,1,0,2,2,4
"2023-09-03 10:03:00","User_171","Online_Gaming",-69,19,3.5,3.8,80,10,"Sun",1,0,0.3,108.571428571429,"Excellent","Low","High",-1311,15.2,84.6428571428571,0,0,0,0,1,0,0,0,0,0,0,4,1,3
"2023-09-03 10:03:00","User_172","Streaming",-82,33,4.1,4.6,85,10,"Sun",1,1,0.5,112.19512195122,"Fair","Medium","High",-2706,28.05,86.5487804878049,0,0,0,0,0,1,0,0,0,0,0,2,2,3
"2023-09-03 10:03:00","User_173","Video_Call",-64,25,11.7,13,75,10,"Sun",1,0,1.3,111.111111111111,"Excellent","Medium","Medium",-1600,18.75,81.2777777777778,0,0,0,0,0,0,1,0,0,0,0,4,2,2
"2023-09-03 10:03:00","User_174","Video_Streaming",-85,29,3.8,4.2,70,10,"Sun",1,0,0.4,110.526315789474,"Fair","Medium","Medium",-2465,20.3,84.1315789473684,0,0,0,0,0,0,0,1,0,0,0,2,2,2
"2023-09-03 10:03:00","User_175","Emergency_Service",-57,5,0.7,0.8,70,10,"Sun",1,0,0.1,114.285714285714,"Excellent","Low","Medium",-285,3.5,84.0714285714286,0,1,0,0,0,0,0,0,0,0,0,4,1,2
"2023-09-03 10:03:00","User_176","Web_Browsing",-98,22,0.5,0.5,70,10,"Sun",1,0,0,100,"Poor","Medium","Medium",-2156,15.4,86.5,0,0,0,0,0,0,0,0,0,0,1,1,2,2
"2023-09-03 10:03:00","User_177","Background_Download",-98,51,620,620,60,10,"Sun",1,1,0,100,"Poor","High","Low",-4998,30.6,76.75,1,0,0,0,0,0,0,0,0,0,0,1,3,1
"2023-09-03 10:03:00","User_178","VoIP_Call",-83,25,105,130,90,10,"Sun",1,1,25,123.809523809524,"Fair","Medium","Critical",-2075,22.5,92.9523809523809,0,0,0,0,0,0,0,0,0,1,0,2,2,4
"2023-09-03 10:03:00","User_179","Online_Gaming",-68,20,3.6,3.9,80,10,"Sun",1,0,0.3,108.333333333333,"Excellent","Low","High",-1360,16,84.0833333333333,0,0,0,0,1,0,0,0,0,0,0,4,1,3
"2023-09-03 10:03:00","User_180","Streaming",-83,34,4,4.5,85,10,"Sun",1,1,0.5,112.5,"Fair","Medium","High",-2822,28.9,86.625,0,0,0,0,0,1,0,0,0,0,0,2,2,3
"2023-09-03 10:03:00","User_181","Video_Call",-63,26,11.8,13.1,75,10,"Sun",1,0,1.3,111.016949152542,"Excellent","Medium","Medium",-1638,19.5,80.7542372881356,0,0,0,0,0,0,1,0,0,0,0,4,2,2
"2023-09-03 10:03:00","User_182","Video_Streaming",-86,31,3.7,4.1,70,10,"Sun",1,0,0.399999999999999,110.810810810811,"Fair","Medium","Medium",-2666,21.7,83.9527027027027,0,0,0,0,0,0,0,1,0,0,0,2,2,2
"2023-09-03 10:03:00","User_183","Emergency_Service",-56,5,0.7,0.8,70,10,"Sun",1,0,0.1,114.285714285714,"Excellent","Low","Medium",-280,3.5,83.8214285714286,0,1,0,0,0,0,0,0,0,0,0,4,1,2
"2023-09-03 10:03:00","User_184","Web_Browsing",-98,21,0.5,0.5,70,10,"Sun",1,0,0,100,"Poor","Medium","Medium",-2058,14.7,86.75,0,0,0,0,0,0,0,0,0,0,1,1,2,2
"2023-09-03 10:03:00","User_185","Background_Download",-99,52,610,610,60,10,"Sun",1,1,0,100,"Poor","High","Low",-5148,31.2,76.75,1,0,0,0,0,0,0,0,0,0,0,1,3,1
"2023-09-03 10:03:00","User_186","VoIP_Call",-82,26,100,125,90,10,"Sun",1,1,25,125,"Fair","Medium","Critical",-2132,23.4,92.75,0,0,0,0,0,0,0,0,0,1,0,2,2,4
"2023-09-03 10:03:00","User_187","Online_Gaming",-67,21,3.7,4,80,10,"Sun",1,0,0.3,108.108108108108,"Excellent","Medium","High",-1407,16.8,83.527027027027,0,0,0,0,1,0,0,0,0,0,0,4,2,3
"2023-09-03 10:03:00","User_188","Streaming",-84,35,3.9,4.4,85,10,"Sun",1,1,0.5,112.820512820513,"Fair","Medium","High",-2940,29.75,86.7051282051282,0,0,0,0,0,1,0,0,0,0,0,2,2,3
"2023-09-03 10:03:00","User_189","Video_Call",-63,27,11.9,13.2,75,10,"Sun",1,0,1.3,110.924369747899,"Excellent","Medium","Medium",-1701,20.25,80.4810924369748,0,0,0,0,0,0,1,0,0,0,0,4,2,2
"2023-09-03 10:03:00","User_190","Video_Streaming",-87,32,3.6,4,70,10,"Sun",1,0,0.4,111.111111111111,"Fair","Medium","Medium",-2784,22.4,84.0277777777778,0,0,0,0,0,0,0,1,0,0,0,2,2,2
"2023-09-03 10:03:00","User_191","Emergency_Service",-55,5,0.7,0.8,70,10,"Sun",1,0,0.1,114.285714285714,"Excellent","Low","Medium",-275,3.5,83.5714285714286,0,1,0,0,0,0,0,0,0,0,0,4,1,2
"2023-09-03 10:03:00","User_192","Web_Browsing",-99,20,0.4,0.4,70,10,"Sun",1,0,0,100,"Poor","Low","Medium",-1980,14,87.25,0,0,0,0,0,0,0,0,0,0,1,1,1,2
"2023-09-03 10:03:00","User_193","Background_Download",-100,53,600,600,60,10,"Sun",1,1,0,100,"Poor","High","Low",-5300,31.8,76.75,1,0,0,0,0,0,0,0,0,0,0,1,3,1
"2023-09-03 10:03:00","User_194","VoIP_Call",-81,27,95,120,90,10,"Sun",1,1,25,126.315789473684,"Fair","Medium","Critical",-2187,24.3,92.5789473684211,0,0,0,0,0,0,0,0,0,1,0,2,2,4
"2023-09-03 10:03:00","User_195","Online_Gaming",-66,22,3.8,4.1,80,10,"Sun",1,0,0.3,107.894736842105,"Excellent","Medium","High",-1452,17.6,82.9736842105263,0,0,0,0,1,0,0,0,0,0,0,4,2,3
"2023-09-03 10:03:00","User_196","Streaming",-85,36,3.8,4.3,85,10,"Sun",1,1,0.5,113.157894736842,"Fair","Medium","High",-3060,30.6,86.7894736842105,0,0,0,0,0,1,0,0,0,0,0,2,2,3
"2023-09-03 10:03:00","User_197","Video_Call",-62,28,12,13.3,75,10,"Sun",1,0,1.3,110.833333333333,"Excellent","Medium","Medium",-1736,21,79.9583333333333,0,0,0,0,0,0,1,0,0,0,0,4,2,2
"2023-09-03 10:03:00","User_198","Video_Streaming",-88,33,3.5,3.9,70,10,"Sun",1,0,0.4,111.428571428571,"Fair","Medium","Medium",-2904,23.1,84.1071428571429,0,0,0,0,0,0,0,1,0,0,0,2,2,2
"2023-09-03 10:03:00","User_199","Emergency_Service",-54,5,0.6,0.7,70,10,"Sun",1,0,0.1,116.666666666667,"Excellent","Low","Medium",-270,3.5,83.9166666666667,0,1,0,0,0,0,0,0,0,0,0,4,1,2
"2023-09-03 10:03:00","User_200","Web_Browsing",-100,19,0.4,0.4,70,10,"Sun",1,0,0,100,"Poor","Low","Medium",-1900,13.3,87.75,0,0,0,0,0,0,0,0,0,0,1,1,1,2
"2023-09-03 10:03:00","User_201","Background_Download",-100,54,590,590,60,10,"Sun",1,1,0,100,"Poor","High","Low",-5400,32.4,76.5,1,0,0,0,0,0,0,0,0,0,0,1,3,1
"2023-09-03 10:03:00","User_202","VoIP_Call",-80,28,90,115,90,10,"Sun",1,1,25,127.777777777778,"Fair","Medium","Critical",-2240,25.2,92.4444444444444,0,0,0,0,0,0,0,0,0,1,0,2,2,4
"2023-09-03 10:03:00","User_203","Online_Gaming",-65,23,3.9,4.2,80,10,"Sun",1,0,0.3,107.692307692308,"Excellent","Medium","High",-1495,18.4,82.4230769230769,0,0,0,0,1,0,0,0,0,0,0,4,2,3
"2023-09-03 10:03:00","User_204","Streaming",-86,37,3.7,4.2,85,10,"Sun",1,1,0.5,113.513513513514,"Fair","Medium","High",-3182,31.45,86.8783783783784,0,0,0,0,0,1,0,0,0,0,0,2,2,3
"2023-09-03 10:03:00","User_205","Video_Call",-61,29,12.1,13.4,75,10,"Sun",1,0,1.3,110.743801652893,"Excellent","Medium","Medium",-1769,21.75,79.4359504132231,0,0,0,0,0,0,1,0,0,0,0,4,2,2
"2023-09-03 10:03:00","User_206","Video_Streaming",-89,34,3.4,3.8,70,10,"Sun",1,0,0.4,111.764705882353,"Fair","Medium","Medium",-3026,23.8,84.1911764705882,0,0,0,0,0,0,0,1,0,0,0,2,2,2
"2023-09-03 10:03:00","User_207","Emergency_Service",-54,5,0.6,0.7,70,10,"Sun",1,0,0.1,116.666666666667,"Excellent","Low","Medium",-270,3.5,83.9166666666667,0,1,0,0,0,0,0,0,0,0,0,4,1,2
"2023-09-03 10:03:00","User_208","Web_Browsing",-100,18,0.4,0.4,70,10,"Sun",1,0,0,100,"Poor","Low","Medium",-1800,12.6,88,0,0,0,0,0,0,0,0,0,0,1,1,1,2
"2023-09-03 10:03:00","User_209","Background_Download",-100,55,580,580,60,10,"Sun",1,1,0,100,"Poor","High","Low",-5500,33,76.25,1,0,0,0,0,0,0,0,0,0,0,1,3,1
"2023-09-03 10:03:00","User_210","VoIP_Call",-79,29,85,110,90,10,"Sun",1,1,25,129.411764705882,"Good","Medium","Critical",-2291,26.1,92.3529411764706,0,0,0,0,0,0,0,0,0,1,0,3,2,4
"2023-09-03 10:03:00","User_211","Online_Gaming",-64,24,4,4.3,80,10,"Sun",1,0,0.3,107.5,"Excellent","Medium","High",-1536,19.2,81.875,0,0,0,0,1,0,0,0,0,0,0,4,2,3
"2023-09-03 10:03:00","User_212","Streaming",-87,38,3.6,4.1,85,10,"Sun",1,1,0.5,113.888888888889,"Fair","Medium","High",-3306,32.3,86.9722222222222,0,0,0,0,0,1,0,0,0,0,0,2,2,3
"2023-09-03 10:03:00","User_213","Video_Call",-60,30,12.2,13.5,75,10,"Sun",1,0,1.3,110.655737704918,"Excellent","Medium","Medium",-1800,22.5,78.9139344262295,0,0,0,0,0,0,1,0,0,0,0,4,2,2
"2023-09-03 10:03:00","User_214","Video_Streaming",-90,35,3.3,3.7,70,10,"Sun",1,0,0.4,112.121212121212,"Poor","Medium","Medium",-3150,24.5,84.280303030303,0,0,0,0,0,0,0,1,0,0,0,1,2,2
"2023-09-03 10:03:00","User_215","Emergency_Service",-53,5,0.6,0.6,70,10,"Sun",1,0,0,100,"Excellent","Low","Medium",-265,3.5,79.5,0,1,0,0,0,0,0,0,0,0,0,4,1,2
"2023-09-03 10:03:00","User_216","Web_Browsing",-100,17,0.4,0.4,70,10,"Sun",1,0,0,100,"Poor","Low","Medium",-1700,11.9,88.25,0,0,0,0,0,0,0,0,0,0,1,1,1,2
"2023-09-03 10:03:00","User_217","Background_Download",-100,56,570,570,60,10,"Sun",1,1,0,100,"Poor","High","Low",-5600,33.6,76,1,0,0,0,0,0,0,0,0,0,0,1,3,1
"2023-09-03 10:03:00","User_218","VoIP_Call",-78,30,80,105,90,10,"Sun",1,1,25,131.25,"Good","Medium","Critical",-2340,27,92.3125,0,0,0,0,0,0,0,0,0,1,0,3,2,4
"2023-09-03 10:03:00","User_219","Online_Gaming",-63,25,4.1,4.4,80,10,"Sun",1,0,0.300000000000001,107.317073170732,"Excellent","Medium","High",-1575,20,81.3292682926829,0,0,0,0,1,0,0,0,0,0,0,4,2,3
"2023-09-03 10:03:00","User_220","Streaming",-88,39,3.5,4,85,10,"Sun",1,1,0.5,114.285714285714,"Fair","Medium","High",-3432,33.15,87.0714285714286,0,0,0,0,0,1,0,0,0,0,0,2,2,3
"2023-09-03 10:03:00","User_221","Video_Call",-59,31,12.3,13.6,75,10,"Sun",1,0,1.3,110.569105691057,"Excellent","Medium","Medium",-1829,23.25,78.3922764227642,0,0,0,0,0,0,1,0,0,0,0,4,2,2
"2023-09-03 10:03:00","User_222","Video_Streaming",-91,36,3.2,3.6,70,10,"Sun",1,0,0.4,112.5,"Poor","Medium","Medium",-3276,25.2,84.375,0,0,0,0,0,0,0,1,0,0,0,1,2,2
"2023-09-03 10:03:00","User_223","Emergency_Service",-53,5,0.6,0.6,70,10,"Sun",1,0,0,100,"Excellent","Low","Medium",-265,3.5,79.5,0,1,0,0,0,0,0,0,0,0,0,4,1,2
"2023-09-03 10:03:00","User_224","Web_Browsing",-100,16,0.4,0.4,70,10,"Sun",1,0,0,100,"Poor","Low","Medium",-1600,11.2,88.5,0,0,0,0,0,0,0,0,0,0,1,1,1,2
"2023-09-03 10:03:00","User_225","Background_Download",-100,57,560,560,60,10,"Sun",1,1,0,100,"Poor","High","Low",-5700,34.2,75.75,1,0,0,0,0,0,0,0,0,0,0,1,3,1
"2023-09-03 10:03:00","User_226","VoIP_Call",-77,31,75,100,90,10,"Sun",1,1,25,133.333333333333,"Good","Medium","Critical",-2387,27.9,92.3333333333333,0,0,0,0,0,0,0,0,0,1,0,3,2,4
"2023-09-03 10:03:00","User_227","Online_Gaming",-62,26,4.2,4.5,80,10,"Sun",1,0,0.3,107.142857142857,"Excellent","Medium","High",-1612,20.8,80.7857142857143,0,0,0,0,1,0,0,0,0,0,0,4,2,3
"2023-09-03 10:03:00","User_228","Streaming",-89,40,3.4,3.9,85,10,"Sun",1,1,0.5,114.705882352941,"Fair","Medium","High",-3560,34,87.1764705882353,0,0,0,0,0,1,0,0,0,0,0,2,2,3
"2023-09-03 10:03:00","User_229","Video_Call",-58,32,12.4,13.7,75,10,"Sun",1,0,1.3,110.483870967742,"Excellent","Medium","Medium",-1856,24,77.8709677419355,0,0,0,0,0,0,1,0,0,0,0,4,2,2
"2023-09-03 10:03:00","User_230","Video_Streaming",-92,37,3.1,3.5,70,10,"Sun",1,0,0.4,112.903225806452,"Poor","Medium","Medium",-3404,25.9,84.4758064516129,0,0,0,0,0,0,0,1,0,0,0,1,2,2
"2023-09-03 10:04:00","User_231","Emergency_Service",-52,5,0.6,0.6,70,10,"Sun",1,0,0,100,"Excellent","Low","Medium",-260,3.5,79.25,0,1,0,0,0,0,0,0,0,0,0,4,1,2
"2023-09-03 10:04:00","User_232","Web_Browsing",-100,15,0.3,0.3,70,10,"Sun",1,0,0,100,"Poor","Low","Medium",-1500,10.5,88.75,0,0,0,0,0,0,0,0,0,0,1,1,1,2
"2023-09-03 10:04:00","User_233","Background_Download",-100,58,550,550,60,10,"Sun",1,1,0,100,"Poor","High","Low",-5800,34.8,75.5,1,0,0,0,0,0,0,0,0,0,0,1,3,1
"2023-09-03 10:04:00","User_234","VoIP_Call",-76,32,70,95,90,10,"Sun",1,1,25,135.714285714286,"Good","Medium","Critical",-2432,28.8,92.4285714285714,0,0,0,0,0,0,0,0,0,1,0,3,2,4
"2023-09-03 10:04:00","User_235","Online_Gaming",-61,27,4.3,4.6,80,10,"Sun",1,0,0.3,106.976744186047,"Excellent","Medium","High",-1647,21.6,80.2441860465116,0,0,0,0,1,0,0,0,0,0,0,4,2,3
"2023-09-03 10:04:00","User_236","Streaming",-90,41,3.3,3.8,85,10,"Sun",1,1,0.5,115.151515151515,"Poor","High","High",-3690,34.85,87.2878787878788,0,0,0,0,0,1,0,0,0,0,0,1,3,3
"2023-09-03 10:04:00","User_237","Video_Call",-57,33,12.5,13.8,75,10,"Sun",1,0,1.3,110.4,"Excellent","Medium","Medium",-1881,24.75,77.35,0,0,0,0,0,0,1,0,0,0,0,4,2,2
"2023-09-03 10:04:00","User_238","Video_Streaming",-93,38,3,3.4,70,10,"Sun",1,0,0.4,113.333333333333,"Poor","Medium","Medium",-3534,26.6,84.5833333333333,0,0,0,0,0,0,0,1,0,0,0,1,2,2
"2023-09-03 10:04:00","User_239","Emergency_Service",-52,5,0.6,0.6,70,10,"Sun",1,0,0,100,"Excellent","Low","Medium",-260,3.5,79.25,0,1,0,0,0,0,0,0,0,0,0,4,1,2
"2023-09-03 10:04:00","User_240","Web_Browsing",-100,14,0.3,0.3,70,10,"Sun",1,0,0,100,"Poor","Low","Medium",-1400,9.8,89,0,0,0,0,0,0,0,0,0,0,1,1,1,2
"2023-09-03 10:04:00","User_241","Background_Download",-100,59,540,540,60,10,"Sun",1,1,0,100,"Poor","High","Low",-5900,35.4,75.25,1,0,0,0,0,0,0,0,0,0,0,1,3,1
"2023-09-03 10:04:00","User_242","VoIP_Call",-75,33,65,90,90,10,"Sun",1,1,25,138.461538461538,"Good","Medium","Critical",-2475,29.7,92.6153846153846,0,0,0,0,0,0,0,0,0,1,0,3,2,4
"2023-09-03 10:04:00","User_243","Online_Gaming",-60,28,4.4,4.7,80,10,"Sun",1,0,0.3,106.818181818182,"Excellent","Medium","High",-1680,22.4,79.7045454545455,0,0,0,0,1,0,0,0,0,0,0,4,2,3
"2023-09-03 10:04:00","User_244","Streaming",-91,42,3.2,3.7,85,10,"Sun",1,1,0.5,115.625,"Poor","High","High",-3822,35.7,87.40625,0,0,0,0,0,1,0,0,0,0,0,1,3,3
"2023-09-03 10:04:00","User_245","Video_Call",-56,34,12.6,13.9,75,10,"Sun",1,0,1.3,110.31746031746,"Excellent","Medium","Medium",-1904,25.5,76.8293650793651,0,0,0,0,0,0,1,0,0,0,0,4,2,2
"2023-09-03 10:04:00","User_246","Video_Streaming",-94,39,2.9,3.3,70,10,"Sun",1,0,0.4,113.793103448276,"Poor","Medium","Medium",-3666,27.3,84.698275862069,0,0,0,0,0,0,0,1,0,0,0,1,2,2
"2023-09-03 10:04:00","User_247","Emergency_Service",-51,5,0.6,0.6,70,10,"Sun",1,0,0,100,"Excellent","Low","Medium",-255,3.5,79,0,1,0,0,0,0,0,0,0,0,0,4,1,2
"2023-09-03 10:04:00","User_248","Web_Browsing",-100,13,0.3,0.3,70,10,"Sun",1,0,0,100,"Poor","Low","Medium",-1300,9.1,89.25,0,0,0,0,0,0,0,0,0,0,1,1,1,2
"2023-09-03 10:04:00","User_249","Background_Download",-100,60,530,530,60,10,"Sun",1,1,0,100,"Poor","High","Low",-6000,36,75,1,0,0,0,0,0,0,0,0,0,0,1,3,1
"2023-09-03 10:04:00","User_250","VoIP_Call",-74,34,60,85,90,10,"Sun",1,1,25,141.666666666667,"Good","Medium","Critical",-2516,30.6,92.9166666666667,0,0,0,0,0,0,0,0,0,1,0,3,2,4
"2023-09-03 10:04:00","User_251","Online_Gaming",-59,29,4.5,4.8,80,10,"Sun",1,0,0.3,106.666666666667,"Excellent","Medium","High",-1711,23.2,79.1666666666667,0,0,0,0,1,0,0,0,0,0,0,4,2,3
"2023-09-03 10:04:00","User_252","Streaming",-92,43,3.1,3.6,85,10,"Sun",1,1,0.5,116.129032258065,"Poor","High","High",-3956,36.55,87.5322580645161,0,0,0,0,0,1,0,0,0,0,0,1,3,3
"2023-09-03 10:04:00","User_253","Video_Call",-55,35,12.7,14,75,10,"Sun",1,0,1.3,110.236220472441,"Excellent","Medium","Medium",-1925,26.25,76.3090551181102,0,0,0,0,0,0,1,0,0,0,0,4,2,2
"2023-09-03 10:04:00","User_254","Video_Streaming",-95,40,2.8,3.2,70,10,"Sun",1,0,0.4,114.285714285714,"Poor","Medium","Medium",-3800,28,84.8214285714286,0,0,0,0,0,0,0,1,0,0,0,1,2,2
"2023-09-03 10:04:00","User_255","Emergency_Service",-50,5,0.6,0.6,70,10,"Sun",1,0,0,100,"Excellent","Low","Medium",-250,3.5,78.75,0,1,0,0,0,0,0,0,0,0,0,4,1,2
"2023-09-03 10:04:00","User_256","Web_Browsing",-100,12,0.2,0.2,70,10,"Sun",1,0,0,100,"Poor","Low","Medium",-1200,8.4,89.5,0,0,0,0,0,0,0,0,0,0,1,1,1,2
"2023-09-03 10:04:00","User_257","Background_Download",-100,61,520,520,60,10,"Sun",1,1,0,100,"Poor","VeryHigh","Low",-6100,36.6,74.75,1,0,0,0,0,0,0,0,0,0,0,1,4,1
"2023-09-03 10:04:00","User_258","VoIP_Call",-73,35,55,80,90,10,"Sun",1,1,25,145.454545454545,"Good","Medium","Critical",-2555,31.5,93.3636363636364,0,0,0,0,0,0,0,0,0,1,0,3,2,4
"2023-09-03 10:04:00","User_259","Online_Gaming",-58,30,4.6,4.9,80,10,"Sun",1,0,0.300000000000001,106.521739130435,"Excellent","Medium","High",-1740,24,78.6304347826087,0,0,0,0,1,0,0,0,0,0,0,4,2,3
"2023-09-03 10:04:00","User_260","Streaming",-93,44,3,3.5,85,10,"Sun",1,1,0.5,116.666666666667,"Poor","High","High",-4092,37.4,87.6666666666667,0,0,0,0,0,1,0,0,0,0,0,1,3,3
"2023-09-03 10:04:00","User_261","Video_Call",-54,36,12.8,14.1,75,10,"Sun",1,0,1.3,110.15625,"Excellent","Medium","Medium",-1944,27,75.7890625,0,0,0,0,0,0,1,0,0,0,0,4,2,2
"2023-09-03 10:04:00","User_262","Video_Streaming",-96,41,2.7,3.1,70,10,"Sun",1,0,0.4,114.814814814815,"Poor","High","Medium",-3936,28.7,84.9537037037037,0,0,0,0,0,0,0,1,0,0,0,1,3,2
"2023-09-03 10:04:00","User_263","Emergency_Service",-50,5,0.6,0.6,70,10,"Sun",1,0,0,100,"Excellent","Low","Medium",-250,3.5,78.75,0,1,0,0,0,0,0,0,0,0,0,4,1,2
"2023-09-03 10:04:00","User_264","Web_Browsing",-100,11,0.2,0.2,70,10,"Sun",1,0,0,100,"Poor","Low","Medium",-1100,7.7,89.75,0,0,0,0,0,0,0,0,0,0,1,1,1,2
"2023-09-03 10:04:00","User_265","Background_Download",-100,62,510,510,60,10,"Sun",1,1,0,100,"Poor","VeryHigh","Low",-6200,37.2,74.5,1,0,0,0,0,0,0,0,0,0,0,1,4,1
"2023-09-03 10:04:00","User_266","VoIP_Call",-72,36,50,75,90,10,"Sun",1,1,25,150,"Good","Medium","Critical",-2592,32.4,94,0,0,0,0,0,0,0,0,0,1,0,3,2,4
"2023-09-03 10:04:00","User_267","Online_Gaming",-57,31,4.7,5,80,10,"Sun",1,0,0.3,106.382978723404,"Excellent","Medium","High",-1767,24.8,78.0957446808511,0,0,0,0,1,0,0,0,0,0,0,4,2,3
"2023-09-03 10:04:00","User_268","Streaming",-94,45,2.9,3.4,85,10,"Sun",1,1,0.5,117.241379310345,"Poor","High","High",-4230,38.25,87.8103448275862,0,0,0,0,0,1,0,0,0,0,0,1,3,3
"2023-09-03 10:04:00","User_269","Video_Call",-53,37,12.9,14.2,75,10,"Sun",1,0,1.3,110.077519379845,"Excellent","Medium","Medium",-1961,27.75,75.2693798449612,0,0,0,0,0,0,1,0,0,0,0,4,2,2
"2023-09-03 10:04:00","User_270","Video_Streaming",-97,42,2.6,3,70,10,"Sun",1,0,0.4,115.384615384615,"Poor","High","Medium",-4074,29.4,85.0961538461538,0,0,0,0,0,0,0,1,0,0,0,1,3,2
"2023-09-03 10:04:00","User_271","Emergency_Service",-50,5,0.6,0.6,70,10,"Sun",1,0,0,100,"Excellent","Low","Medium",-250,3.5,78.75,0,1,0,0,0,0,0,0,0,0,0,4,1,2
"2023-09-03 10:04:00","User_272","Web_Browsing",-100,10,0.2,0.2,70,10,"Sun",1,0,0,100,"Poor","Low","Medium",-1000,7,90,0,0,0,0,0,0,0,0,0,0,1,1,1,2
"2023-09-03 10:04:00","User_273","Background_Download",-100,63,500,500,60,10,"Sun",1,1,0,100,"Poor","VeryHigh","Low",-6300,37.8,74.25,1,0,0,0,0,0,0,0,0,0,0,1,4,1
"2023-09-03 10:04:00","User_274","VoIP_Call",-71,37,45,70,90,10,"Sun",1,1,25,155.555555555556,"Good","Medium","Critical",-2627,33.3,94.8888888888889,0,0,0,0,0,0,0,0,0,1,0,3,2,4
"2023-09-03 10:04:00","User_275","Online_Gaming",-56,32,4.8,5.1,80,10,"Sun",1,0,0.3,106.25,"Excellent","Medium","High",-1792,25.6,77.5625,0,0,0,0,1,0,0,0,0,0,0,4,2,3
"2023-09-03 10:04:00","User_276","Streaming",-95,46,2.8,3.3,85,10,"Sun",1,1,0.5,117.857142857143,"Poor","High","High",-4370,39.1,87.9642857142857,0,0,0,0,0,1,0,0,0,0,0,1,3,3
"2023-09-03 10:04:00","User_277","Video_Call",-52,38,13,14.3,75,10,"Sun",1,0,1.3,110,"Excellent","Medium","Medium",-1976,28.5,74.75,0,0,0,0,0,0,1,0,0,0,0,4,2,2
"2023-09-03 10:04:00","User_278","Video_Streaming",-98,43,2.5,2.9,70,10,"Sun",1,0,0.4,116,"Poor","High","Medium",-4214,30.1,85.25,0,0,0,0,0,0,0,1,0,0,0,1,3,2
"2023-09-03 10:04:00","User_279","Emergency_Service",-50,5,0.6,0.6,70,10,"Sun",1,0,0,100,"Excellent","Low","Medium",-250,3.5,78.75,0,1,0,0,0,0,0,0,0,0,0,4,1,2
"2023-09-03 10:04:00","User_280","Web_Browsing",-100,9,0.1,0.1,70,10,"Sun",1,0,0,100,"Poor","Low","Medium",-900,6.3,90.25,0,0,0,0,0,0,0,0,0,0,1,1,1,2
"2023-09-03 10:04:00","User_281","Background_Download",-100,64,490,490,60,10,"Sun",1,1,0,100,"Poor","VeryHigh","Low",-6400,38.4,74,1,0,0,0,0,0,0,0,0,0,0,1,4,1
"2023-09-03 10:04:00","User_282","VoIP_Call",-70,38,40,65,90,10,"Sun",1,1,25,162.5,"Good","Medium","Critical",-2660,34.2,96.125,0,0,0,0,0,0,0,0,0,1,0,3,2,4
"2023-09-03 10:04:00","User_283","Online_Gaming",-55,33,4.9,5.2,80,10,"Sun",1,0,0.3,106.122448979592,"Excellent","Medium","High",-1815,26.4,77.030612244898,0,0,0,0,1,0,0,0,0,0,0,4,2,3
"2023-09-03 10:04:00","User_284","Streaming",-96,47,2.7,3.2,85,10,"Sun",1,1,0.5,118.518518518519,"Poor","High","High",-4512,39.95,88.1296296296296,0,0,0,0,0,1,0,0,0,0,0,1,3,3
"2023-09-03 10:04:00","User_285","Video_Call",-51,39,13.1,14.4,75,10,"Sun",1,0,1.3,109.923664122137,"Excellent","Medium","Medium",-1989,29.25,74.2309160305344,0,0,0,0,0,0,1,0,0,0,0,4,2,2
"2023-09-03 10:04:00","User_286","Video_Streaming",-99,44,2.4,2.8,70,10,"Sun",1,0,0.4,116.666666666667,"Poor","High","Medium",-4356,30.8,85.4166666666667,0,0,0,0,0,0,0,1,0,0,0,1,3,2
"2023-09-03 10:04:00","User_287","Emergency_Service",-50,5,0.5,0.5,70,10,"Sun",1,0,0,100,"Excellent","Low","Medium",-250,3.5,78.75,0,1,0,0,0,0,0,0,0,0,0,4,1,2
"2023-09-03 10:04:00","User_288","Web_Browsing",-100,8,0.1,0.1,70,10,"Sun",1,0,0,100,"Poor","Low","Medium",-800,5.6,90.5,0,0,0,0,0,0,0,0,0,0,1,1,1,2
"2023-09-03 10:04:00","User_289","Background_Download",-100,65,480,480,60,10,"Sun",1,1,0,100,"Poor","VeryHigh","Low",-6500,39,73.75,1,0,0,0,0,0,0,0,0,0,0,1,4,1
"2023-09-03 10:04:00","User_290","VoIP_Call",-69,39,35,60,90,10,"Sun",1,1,25,171.428571428571,"Excellent","Medium","Critical",-2691,35.1,97.8571428571429,0,0,0,0,0,0,0,0,0,1,0,4,2,4
"2023-09-03 10:05:00","User_291","Online_Gaming",-54,34,5,5.3,80,10,"Sun",1,0,0.3,106,"Excellent","Medium","High",-1836,27.2,76.5,0,0,0,0,1,0,0,0,0,0,0,4,2,3
"2023-09-03 10:05:00","User_292","Streaming",-97,48,2.6,3.1,85,10,"Sun",1,1,0.5,119.230769230769,"Poor","High","High",-4656,40.8,88.3076923076923,0,0,0,0,0,1,0,0,0,0,0,1,3,3
"2023-09-03 10:05:00","User_293","Video_Call",-50,40,13.2,14.5,75,10,"Sun",1,0,1.3,109.848484848485,"Excellent","Medium","Medium",-2000,30,73.7121212121212,0,0,0,0,0,0,1,0,0,0,0,4,2,2
"2023-09-03 10:05:00","User_294","Video_Streaming",-100,45,2.3,2.7,70,10,"Sun",1,0,0.4,117.391304347826,"Poor","High","Medium",-4500,31.5,85.5978260869565,0,0,0,0,0,0,0,1,0,0,0,1,3,2
"2023-09-03 10:05:00","User_295","Emergency_Service",-50,5,0.5,0.5,70,10,"Sun",1,0,0,100,"Excellent","Low","Medium",-250,3.5,78.75,0,1,0,0,0,0,0,0,0,0,0,4,1,2
"2023-09-03 10:05:00","User_296","Web_Browsing",-100,7,0.1,0.1,70,10,"Sun",1,0,0,100,"Poor","Low","Medium",-700,4.9,90.75,0,0,0,0,0,0,0,0,0,0,1,1,1,2
"2023-09-03 10:05:00","User_297","Background_Download",-100,66,470,470,60,10,"Sun",1,1,0,100,"Poor","VeryHigh","Low",-6600,39.6,73.5,1,0,0,0,0,0,0,0,0,0,0,1,4,1
"2023-09-03 10:05:00","User_298","VoIP_Call",-68,40,30,55,90,10,"Sun",1,1,25,183.333333333333,"Excellent","Medium","Critical",-2720,36,100.333333333333,0,0,0,0,0,0,0,0,0,1,0,4,2,4
"2023-09-03 10:05:00","User_299","Online_Gaming",-53,35,5.1,5.4,80,10,"Sun",1,0,0.300000000000001,105.882352941176,"Excellent","Medium","High",-1855,28,75.9705882352941,0,0,0,0,1,0,0,0,0,0,0,4,2,3
"2023-09-03 10:05:00","User_300","Streaming",-98,49,2.5,3,85,10,"Sun",1,1,0.5,120,"Poor","High","High",-4802,41.65,88.5,0,0,0,0,0,1,0,0,0,0,0,1,3,3
"2023-09-03 10:05:00","User_301","Video_Call",-50,41,13.3,14.6,75,10,"Sun",1,0,1.3,109.774436090226,"Excellent","High","Medium",-2050,30.75,73.4436090225564,0,0,0,0,0,0,1,0,0,0,0,4,3,2
"2023-09-03 10:05:00","User_302","Video_Streaming",-100,46,2.2,2.6,70,10,"Sun",1,1,0.4,118.181818181818,"Poor","High","Medium",-4600,32.2,85.5454545454545,0,0,0,0,0,0,0,1,0,0,0,1,3,2
"2023-09-03 10:05:00","User_303","Emergency_Service",-50,5,0.5,0.5,70,10,"Sun",1,0,0,100,"Excellent","Low","Medium",-250,3.5,78.75,0,1,0,0,0,0,0,0,0,0,0,4,1,2
"2023-09-03 10:05:00","User_304","Web_Browsing",-100,6,0.1,0.1,70,10,"Sun",1,0,0,100,"Poor","Low","Medium",-600,4.2,91,0,0,0,0,0,0,0,0,0,0,1,1,1,2
"2023-09-03 10:05:00","User_305","Background_Download",-100,67,460,460,60,10,"Sun",1,1,0,100,"Poor","VeryHigh","Low",-6700,40.2,73.25,1,0,0,0,0,0,0,0,0,0,0,1,4,1
"2023-09-03 10:05:00","User_306","VoIP_Call",-67,41,25,50,90,10,"Sun",1,1,25,200,"Excellent","High","Critical",-2747,36.9,104,0,0,0,0,0,0,0,0,0,1,0,4,3,4
"2023-09-03 10:05:00","User_307","Online_Gaming",-52,36,5.2,5.5,80,10,"Sun",1,0,0.3,105.769230769231,"Excellent","Medium","High",-1872,28.8,75.4423076923077,0,0,0,0,1,0,0,0,0,0,0,4,2,3
"2023-09-03 10:05:00","User_308","Streaming",-99,50,2.4,2.9,85,10,"Sun",1,1,0.5,120.833333333333,"Poor","High","High",-4950,42.5,88.7083333333333,0,0,0,0,0,1,0,0,0,0,0,1,3,3
"2023-09-03 10:05:00","User_309","Video_Call",-50,42,13.4,14.7,75,10,"Sun",1,0,1.3,109.701492537313,"Excellent","High","Medium",-2100,31.5,73.1753731343284,0,0,0,0,0,0,1,0,0,0,0,4,3,2
"2023-09-03 10:05:00","User_310","Video_Streaming",-100,47,2.1,2.5,70,10,"Sun",1,1,0.4,119.047619047619,"Poor","High","Medium",-4700,32.9,85.5119047619048,0,0,0,0,0,0,0,1,0,0,0,1,3,2
"2023-09-03 10:05:00","User_311","Emergency_Service",-50,5,0.5,0.5,70,10,"Sun",1,0,0,100,"Excellent","Low","Medium",-250,3.5,78.75,0,1,0,0,0,0,0,0,0,0,0,4,1,2
"2023-09-03 10:05:00","User_312","Web_Browsing",-100,5,0.1,0.1,70,10,"Sun",1,0,0,100,"Poor","Low","Medium",-500,3.5,91.25,0,0,0,0,0,0,0,0,0,0,1,1,1,2
"2023-09-03 10:05:00","User_313","Background_Download",-100,68,450,450,60,10,"Sun",1,1,0,100,"Poor","VeryHigh","Low",-6800,40.8,73,1,0,0,0,0,0,0,0,0,0,0,1,4,1
"2023-09-03 10:05:00","User_314","VoIP_Call",-66,42,20,45,90,10,"Sun",1,1,25,225,"Excellent","High","Critical",-2772,37.8,109.75,0,0,0,0,0,0,0,0,0,1,0,4,3,4
"2023-09-03 10:05:00","User_315","Online_Gaming",-51,37,5.3,5.6,80,10,"Sun",1,0,0.3,105.660377358491,"Excellent","Medium","High",-1887,29.6,74.9150943396226,0,0,0,0,1,0,0,0,0,0,0,4,2,3
"2023-09-03 10:05:00","User_316","Streaming",-100,51,2.3,2.8,85,10,"Sun",1,1,0.5,121.739130434783,"Poor","High","High",-5100,43.35,88.9347826086957,0,0,0,0,0,1,0,0,0,0,0,1,3,3
"2023-09-03 10:05:00","User_317","Video_Call",-50,43,13.5,14.8,75,10,"Sun",1,0,1.3,109.62962962963,"Excellent","High","Medium",-2150,32.25,72.9074074074074,0,0,0,0,0,0,1,0,0,0,0,4,3,2
"2023-09-03 10:05:00","User_318","Video_Streaming",-100,48,2,2.4,70,10,"Sun",1,1,0.4,120,"Poor","High","Medium",-4800,33.6,85.5,0,0,0,0,0,0,0,1,0,0,0,1,3,2
"2023-09-03 10:05:00","User_319","Emergency_Service",-50,5,0.5,0.5,70,10,"Sun",1,0,0,100,"Excellent","Low","Medium",-250,3.5,78.75,0,1,0,0,0,0,0,0,0,0,0,4,1,2
"2023-09-03 10:05:00","User_320","Web_Browsing",-100,4,0.1,0.1,70,10,"Sun",1,0,0,100,"Poor","Low","Medium",-400,2.8,91.5,0,0,0,0,0,0,0,0,0,0,1,1,1,2
"2023-09-03 10:05:00","User_321","Background_Download",-100,69,440,440,60,10,"Sun",1,1,0,100,"Poor","VeryHigh","Low",-6900,41.4,72.75,1,0,0,0,0,0,0,0,0,0,0,1,4,1
"2023-09-03 10:05:00","User_322","VoIP_Call",-65,43,15,40,90,10,"Sun",1,1,25,266.666666666667,"Excellent","High","Critical",-2795,38.7,119.666666666667,0,0,0,0,0,0,0,0,0,1,0,4,3,4
"2023-09-03 10:05:00","User_323","Online_Gaming",-50,38,5.4,5.7,80,10,"Sun",1,0,0.3,105.555555555556,"Excellent","Medium","High",-1900,30.4,74.3888888888889,0,0,0,0,1,0,0,0,0,0,0,4,2,3
"2023-09-03 10:05:00","User_324","Streaming",-100,52,2.2,2.7,85,10,"Sun",1,1,0.5,122.727272727273,"Poor","High","High",-5200,44.2,88.9318181818182,0,0,0,0,0,1,0,0,0,0,0,1,3,3
"2023-09-03 10:05:00","User_325","Video_Call",-50,44,13.6,14.9,75,10,"Sun",1,0,1.3,109.558823529412,"Excellent","High","Medium",-2200,33,72.6397058823529,0,0,0,0,0,0,1,0,0,0,0,4,3,2
"2023-09-03 10:05:00","User_326","Video_Streaming",-100,49,1.9,2.3,70,10,"Sun",1,1,0.4,121.052631578947,"Poor","High","Medium",-4900,34.3,85.5131578947368,0,0,0,0,0,0,0,1,0,0,0,1,3,2
"2023-09-03 10:05:00","User_327","Emergency_Service",-50,5,0.5,0.5,70,10,"Sun",1,0,0,100,"Excellent","Low","Medium",-250,3.5,78.75,0,1,0,0,0,0,0,0,0,0,0,4,1,2
"2023-09-03 10:05:00","User_328","Web_Browsing",-100,3,0.1,0.1,70,10,"Sun",1,0,0,100,"Poor","Low","Medium",-300,2.1,91.75,0,0,0,0,0,0,0,0,0,0,1,1,1,2
"2023-09-03 10:05:00","User_329","Background_Download",-100,70,430,430,60,10,"Sun",1,1,0,100,"Poor","VeryHigh","Low",-7000,42,72.5,1,0,0,0,0,0,0,0,0,0,0,1,4,1
"2023-09-03 10:05:00","User_330","VoIP_Call",-64,44,10,35,90,10,"Sun",1,1,25,350,"Excellent","High","Critical",-2816,39.6,140,0,0,0,0,0,0,0,0,0,1,0,4,3,4
"2023-09-03 10:05:00","User_331","Online_Gaming",-50,39,5.5,5.8,80,10,"Sun",1,0,0.3,105.454545454545,"Excellent","Medium","High",-1950,31.2,74.1136363636364,0,0,0,0,1,0,0,0,0,0,0,4,2,3
"2023-09-03 10:05:00","User_332","Streaming",-100,53,2.1,2.6,85,10,"Sun",1,1,0.5,123.809523809524,"Poor","High","High",-5300,45.05,88.9523809523809,0,0,0,0,0,1,0,0,0,0,0,1,3,3
"2023-09-03 10:05:00","User_333","Video_Call",-50,45,13.7,15,75,10,"Sun",1,0,1.3,109.489051094891,"Excellent","High","Medium",-2250,33.75,72.3722627737226,0,0,0,0,0,0,1,0,0,0,0,4,3,2
"2023-09-03 10:05:00","User_334","Video_Streaming",-100,50,1.8,2.2,70,10,"Sun",1,1,0.4,122.222222222222,"Poor","High","Medium",-5000,35,85.5555555555556,0,0,0,0,0,0,0,1,0,0,0,1,3,2
"2023-09-03 10:05:00","User_335","Emergency_Service",-50,5,0.5,0.5,70,10,"Sun",1,0,0,100,"Excellent","Low","Medium",-250,3.5,78.75,0,1,0,0,0,0,0,0,0,0,0,4,1,2
"2023-09-03 10:05:00","User_336","Web_Browsing",-100,2,0.1,0.1,70,10,"Sun",1,0,0,100,"Poor","Low","Medium",-200,1.4,92,0,0,0,0,0,0,0,0,0,0,1,1,1,2
"2023-09-03 10:05:00","User_337","Background_Download",-100,71,420,420,60,10,"Sun",1,1,0,100,"Poor","VeryHigh","Low",-7100,42.6,72.25,1,0,0,0,0,0,0,0,0,0,0,1,4,1
"2023-09-03 10:05:00","User_338","VoIP_Call",-63,45,5,30,90,10,"Sun",1,1,25,600,"Excellent","High","Critical",-2835,40.5,202,0,0,0,0,0,0,0,0,0,1,0,4,3,4
"2023-09-03 10:05:00","User_339","Online_Gaming",-50,40,5.6,5.9,80,10,"Sun",1,0,0.300000000000001,105.357142857143,"Excellent","Medium","High",-2000,32,73.8392857142857,0,0,0,0,1,0,0,0,0,0,0,4,2,3
"2023-09-03 10:05:00","User_340","Streaming",-100,54,2,2.5,85,10,"Sun",1,1,0.5,125,"Poor","High","High",-5400,45.9,89,0,0,0,0,0,1,0,0,0,0,0,1,3,3
"2023-09-03 10:05:00","User_341","Video_Call",-50,46,13.8,15.1,75,10,"Sun",1,1,1.3,109.420289855072,"Excellent","High","Medium",-2300,34.5,72.1050724637681,0,0,0,0,0,0,1,0,0,0,0,4,3,2
"2023-09-03 10:05:00","User_342","Video_Streaming",-100,51,1.7,2.1,70,10,"Sun",1,1,0.4,123.529411764706,"Poor","High","Medium",-5100,35.7,85.6323529411765,0,0,0,0,0,0,0,1,0,0,0,1,3,2
"2023-09-03 10:05:00","User_343","Emergency_Service",-50,5,0.5,0.5,70,10,"Sun",1,0,0,100,"Excellent","Low","Medium",-250,3.5,78.75,0,1,0,0,0,0,0,0,0,0,0,4,1,2
"2023-09-03 10:05:00","User_344","Web_Browsing",-100,1,0.1,0.1,70,10,"Sun",1,0,0,100,"Poor","Low","Medium",-100,0.7,92.25,0,0,0,0,0,0,0,0,0,0,1,1,1,2
"2023-09-03 10:05:00","User_345","Background_Download",-100,72,410,410,60,10,"Sun",1,1,0,100,"Poor","VeryHigh","Low",-7200,43.2,72,1,0,0,0,0,0,0,0,0,0,0,1,4,1
"2023-09-03 10:05:00","User_346","VoIP_Call",-62,46,0,25,90,10,"Sun",1,1,25,250000,"Excellent","High","Critical",-2852,41.4,62551.5,0,0,0,0,0,0,0,0,0,1,0,4,3,4
"2023-09-03 10:05:00","User_347","Online_Gaming",-50,41,5.7,6,80,10,"Sun",1,0,0.3,105.263157894737,"Excellent","High","High",-2050,32.8,73.5657894736842,0,0,0,0,1,0,0,0,0,0,0,4,3,3
"2023-09-03 10:05:00","User_348","Streaming",-100,55,1.9,2.4,85,10,"Sun",1,1,0.5,126.315789473684,"Poor","High","High",-5500,46.75,89.0789473684211,0,0,0,0,0,1,0,0,0,0,0,1,3,3
"2023-09-03 10:05:00","User_349","Video_Call",-50,47,13.9,15.2,75,10,"Sun",1,1,1.3,109.352517985611,"Excellent","High","Medium",-2350,35.25,71.8381294964029,0,0,0,0,0,0,1,0,0,0,0,4,3,2
"2023-09-03 10:05:00","User_350","Video_Streaming",-100,52,1.6,2,70,10,"Sun",1,1,0.4,125,"Poor","High","Medium",-5200,36.4,85.75,0,0,0,0,0,0,0,1,0,0,0,1,3,2
"2023-09-03 10:06:00","User_351","Emergency_Service",-50,5,0.5,0.5,70,10,"Sun",1,0,0,100,"Excellent","Low","Medium",-250,3.5,78.75,0,1,0,0,0,0,0,0,0,0,0,4,1,2
"2023-09-03 10:06:00","User_352","Web_Browsing",-100,0,0.1,0.1,70,10,"Sun",1,0,0,100,"Poor","Low","Medium",0,0,92.5,0,0,0,0,0,0,0,0,0,0,1,1,1,2
"2023-09-03 10:06:00","User_353","Background_Download",-100,73,400,400,60,10,"Sun",1,1,0,100,"Poor","VeryHigh","Low",-7300,43.8,71.75,1,0,0,0,0,0,0,0,0,0,0,1,4,1
"2023-09-03 10:06:00","User_354","VoIP_Call",-61,47,0,20,90,10,"Sun",1,1,20,2e+05,"Excellent","High","Critical",-2867,42.3,50051,0,0,0,0,0,0,0,0,0,1,0,4,3,4
"2023-09-03 10:06:00","User_355","Online_Gaming",-50,42,5.8,6.1,80,10,"Sun",1,0,0.3,105.172413793103,"Excellent","High","High",-2100,33.6,73.2931034482759,0,0,0,0,1,0,0,0,0,0,0,4,3,3
"2023-09-03 10:06:00","User_356","Streaming",-100,56,1.8,2.3,85,10,"Sun",1,1,0.5,127.777777777778,"Poor","High","High",-5600,47.6,89.1944444444444,0,0,0,0,0,1,0,0,0,0,0,1,3,3
"2023-09-03 10:06:00","User_357","Video_Call",-50,48,14,15.3,75,10,"Sun",1,1,1.3,109.285714285714,"Excellent","High","Medium",-2400,36,71.5714285714286,0,0,0,0,0,0,1,0,0,0,0,4,3,2
"2023-09-03 10:06:00","User_358","Video_Streaming",-100,53,1.5,1.9,70,10,"Sun",1,1,0.4,126.666666666667,"Poor","High","Medium",-5300,37.1,85.9166666666667,0,0,0,0,0,0,0,1,0,0,0,1,3,2
"2023-09-03 10:06:00","User_359","Emergency_Service",-50,5,0.5,0.5,70,10,"Sun",1,0,0,100,"Excellent","Low","Medium",-250,3.5,78.75,0,1,0,0,0,0,0,0,0,0,0,4,1,2
"2023-09-03 10:06:00","User_360","Web_Browsing",-100,0,0.1,0.1,70,10,"Sun",1,0,0,100,"Poor","Low","Medium",0,0,92.5,0,0,0,0,0,0,0,0,0,0,1,1,1,2
"2023-09-03 10:06:00","User_361","Background_Download",-100,74,390,390,60,10,"Sun",1,1,0,100,"Poor","VeryHigh","Low",-7400,44.4,71.5,1,0,0,0,0,0,0,0,0,0,0,1,4,1
"2023-09-03 10:06:00","User_362","VoIP_Call",-60,48,0,15,90,10,"Sun",1,1,15,150000,"Excellent","High","Critical",-2880,43.2,37550.5,0,0,0,0,0,0,0,0,0,1,0,4,3,4
"2023-09-03 10:06:00","User_363","Online_Gaming",-50,43,5.9,6.2,80,10,"Sun",1,0,0.3,105.084745762712,"Excellent","High","High",-2150,34.4,73.021186440678,0,0,0,0,1,0,0,0,0,0,0,4,3,3
"2023-09-03 10:06:00","User_364","Streaming",-100,57,1.7,2.2,85,10,"Sun",1,1,0.5,129.411764705882,"Poor","High","High",-5700,48.45,89.3529411764706,0,0,0,0,0,1,0,0,0,0,0,1,3,3
"2023-09-03 10:06:00","User_365","Video_Call",-50,49,14.1,15.4,75,10,"Sun",1,1,1.3,109.219858156028,"Excellent","High","Medium",-2450,36.75,71.3049645390071,0,0,0,0,0,0,1,0,0,0,0,4,3,2
"2023-09-03 10:06:00","User_366","Video_Streaming",-100,54,1.4,1.8,70,10,"Sun",1,1,0.4,128.571428571429,"Poor","High","Medium",-5400,37.8,86.1428571428571,0,0,0,0,0,0,0,1,0,0,0,1,3,2
"2023-09-03 10:06:00","User_367","Emergency_Service",-50,5,0.4,0.4,70,10,"Sun",1,0,0,100,"Excellent","Low","Medium",-250,3.5,78.75,0,1,0,0,0,0,0,0,0,0,0,4,1,2
"2023-09-03 10:06:00","User_368","Web_Browsing",-100,0,0.1,0.1,70,10,"Sun",1,0,0,100,"Poor","Low","Medium",0,0,92.5,0,0,0,0,0,0,0,0,0,0,1,1,1,2
"2023-09-03 10:06:00","User_369","Background_Download",-100,75,380,380,60,10,"Sun",1,1,0,100,"Poor","VeryHigh","Low",-7500,45,71.25,1,0,0,0,0,0,0,0,0,0,0,1,4,1
"2023-09-03 10:06:00","User_370","VoIP_Call",-59,49,0,10,90,10,"Sun",1,1,10,1e+05,"Excellent","High","Critical",-2891,44.1,25050,0,0,0,0,0,0,0,0,0,1,0,4,3,4
"2023-09-03 10:06:00","User_371","Online_Gaming",-50,44,6,6.3,80,10,"Sun",1,0,0.3,105,"Excellent","High","High",-2200,35.2,72.75,0,0,0,0,1,0,0,0,0,0,0,4,3,3
"2023-09-03 10:06:00","User_372","Streaming",-100,58,1.6,2.1,85,10,"Sun",1,1,0.5,131.25,"Poor","High","High",-5800,49.3,89.5625,0,0,0,0,0,1,0,0,0,0,0,1,3,3
"2023-09-03 10:06:00","User_373","Video_Call",-50,50,14.2,15.5,75,10,"Sun",1,1,1.3,109.154929577465,"Excellent","High","Medium",-2500,37.5,71.0387323943662,0,0,0,0,0,0,1,0,0,0,0,4,3,2
"2023-09-03 10:06:00","User_374","Video_Streaming",-100,55,1.3,1.7,70,10,"Sun",1,1,0.4,130.769230769231,"Poor","High","Medium",-5500,38.5,86.4423076923077,0,0,0,0,0,0,0,1,0,0,0,1,3,2
"2023-09-03 10:06:00","User_375","Emergency_Service",-50,5,0.4,0.4,70,10,"Sun",1,0,0,100,"Excellent","Low","Medium",-250,3.5,78.75,0,1,0,0,0,0,0,0,0,0,0,4,1,2
"2023-09-03 10:06:00","User_376","Web_Browsing",-100,0,0.1,0.1,70,10,"Sun",1,0,0,100,"Poor","Low","Medium",0,0,92.5,0,0,0,0,0,0,0,0,0,0,1,1,1,2
"2023-09-03 10:06:00","User_377","Background_Download",-100,76,370,370,60,10,"Sun",1,1,0,100,"Poor","VeryHigh","Low",-7600,45.6,71,1,0,0,0,0,0,0,0,0,0,0,1,4,1
"2023-09-03 10:06:00","User_378","VoIP_Call",-58,50,0,5,90,10,"Sun",1,1,5,50000,"Excellent","High","Critical",-2900,45,12549.5,0,0,0,0,0,0,0,0,0,1,0,4,3,4
"2023-09-03 10:06:00","User_379","Online_Gaming",-50,45,6.1,6.4,80,10,"Sun",1,0,0.300000000000001,104.918032786885,"Excellent","High","High",-2250,36,72.4795081967213,0,0,0,0,1,0,0,0,0,0,0,4,3,3
"2023-09-03 10:06:00","User_380","Streaming",-100,59,1.5,2,85,10,"Sun",1,1,0.5,133.333333333333,"Poor","High","High",-5900,50.15,89.8333333333333,0,0,0,0,0,1,0,0,0,0,0,1,3,3
"2023-09-03 10:06:00","User_381","Video_Call",-50,51,14.3,15.6,75,10,"Sun",1,1,1.3,109.090909090909,"Excellent","High","Medium",-2550,38.25,70.7727272727273,0,0,0,0,0,0,1,0,0,0,0,4,3,2
"2023-09-03 10:06:00","User_382","Video_Streaming",-100,56,1.2,1.6,70,10,"Sun",1,1,0.4,133.333333333333,"Poor","High","Medium",-5600,39.2,86.8333333333333,0,0,0,0,0,0,0,1,0,0,0,1,3,2
"2023-09-03 10:06:00","User_383","Emergency_Service",-50,5,0.4,0.4,70,10,"Sun",1,0,0,100,"Excellent","Low","Medium",-250,3.5,78.75,0,1,0,0,0,0,0,0,0,0,0,4,1,2
"2023-09-03 10:06:00","User_384","Web_Browsing",-100,0,0.1,0.1,70,10,"Sun",1,0,0,100,"Poor","Low","Medium",0,0,92.5,0,0,0,0,0,0,0,0,0,0,1,1,1,2
"2023-09-03 10:06:00","User_385","Background_Download",-100,77,360,360,60,10,"Sun",1,1,0,100,"Poor","VeryHigh","Low",-7700,46.2,70.75,1,0,0,0,0,0,0,0,0,0,0,1,4,1
"2023-09-03 10:06:00","User_386","VoIP_Call",-57,51,0,0,90,10,"Sun",1,1,0,0,"Excellent","High","Critical",-2907,45.9,49,0,0,0,0,0,0,0,0,0,1,0,4,3,4
"2023-09-03 10:06:00","User_387","Online_Gaming",-50,46,6.2,6.5,80,10,"Sun",1,1,0.3,104.838709677419,"Excellent","High","High",-2300,36.8,72.2096774193548,0,0,0,0,1,0,0,0,0,0,0,4,3,3
"2023-09-03 10:06:00","User_388","Streaming",-100,60,1.4,1.9,85,10,"Sun",1,1,0.5,135.714285714286,"Poor","High","High",-6000,51,90.1785714285714,0,0,0,0,0,1,0,0,0,0,0,1,3,3
"2023-09-03 10:06:00","User_389","Video_Call",-50,52,14.4,15.7,75,10,"Sun",1,1,1.3,109.027777777778,"Excellent","High","Medium",-2600,39,70.5069444444444,0,0,0,0,0,0,1,0,0,0,0,4,3,2
"2023-09-03 10:06:00","User_390","Video_Streaming",-100,57,1.1,1.5,70,10,"Sun",1,1,0.4,136.363636363636,"Poor","High","Medium",-5700,39.9,87.3409090909091,0,0,0,0,0,0,0,1,0,0,0,1,3,2
"2023-09-03 10:06:00","User_391","Emergency_Service",-50,5,0.4,0.4,70,10,"Sun",1,0,0,100,"Excellent","Low","Medium",-250,3.5,78.75,0,1,0,0,0,0,0,0,0,0,0,4,1,2
"2023-09-03 10:06:00","User_392","Web_Browsing",-100,0,0.1,0.1,70,10,"Sun",1,0,0,100,"Poor","Low","Medium",0,0,92.5,0,0,0,0,0,0,0,0,0,0,1,1,1,2
"2023-09-03 10:06:00","User_393","Background_Download",-100,78,350,350,60,10,"Sun",1,1,0,100,"Poor","VeryHigh","Low",-7800,46.8,70.5,1,0,0,0,0,0,0,0,0,0,0,1,4,1
"2023-09-03 10:06:00","User_394","VoIP_Call",-56,52,0,0,90,10,"Sun",1,1,0,0,"Excellent","High","Critical",-2912,46.8,48.5,0,0,0,0,0,0,0,0,0,1,0,4,3,4
"2023-09-03 10:06:00","User_395","Online_Gaming",-50,47,6.3,6.6,80,10,"Sun",1,1,0.3,104.761904761905,"Excellent","High","High",-2350,37.6,71.9404761904762,0,0,0,0,1,0,0,0,0,0,0,4,3,3
"2023-09-03 10:06:00","User_396","Streaming",-100,61,1.3,1.8,85,10,"Sun",1,1,0.5,138.461538461538,"Poor","VeryHigh","High",-6100,51.85,90.6153846153846,0,0,0,0,0,1,0,0,0,0,0,1,4,3
"2023-09-03 10:06:00","User_397","Video_Call",-50,53,14.5,15.8,75,10,"Sun",1,1,1.3,108.965517241379,"Excellent","High","Medium",-2650,39.75,70.2413793103448,0,0,0,0,0,0,1,0,0,0,0,4,3,2
"2023-09-03 10:06:00","User_398","Video_Streaming",-100,58,1,1.4,70,10,"Sun",1,1,0.4,140,"Poor","High","Medium",-5800,40.6,88,0,0,0,0,0,0,0,1,0,0,0,1,3,2
"2023-09-03 10:06:00","User_399","Emergency_Service",-50,5,0.4,0.4,70,10,"Sun",1,0,0,100,"Excellent","Low","Medium",-250,3.5,78.75,0,1,0,0,0,0,0,0,0,0,0,4,1,2
"2023-09-03 10:06:00","User_400","Web_Browsing",-100,0,0.1,0.1,70,10,"Sun",1,0,0,100,"Poor","Low","Medium",0,0,92.5,0,0,0,0,0,0,0,0,0,0,1,1,1,2
